track_id,track_name,artist_name,genre,energy,danceability,valence,Human_Vibe_Tag,Discovery_Reason,Data_Source
TRK-BESPOKE-0000,Bespoke Track 0,Selected Artist,Hip-Hop,0.75,0.75,0.5,Hand-Mapped Vibe,Curated for manual audit phase.,Manual Curation (Bespoke)
TRK-BESPOKE-0001,Bespoke Track 1,Selected Artist,Hip-Hop,0.75,0.75,0.5,Hand-Mapped Vibe,Curated for manual audit phase.,Manual Curation (Bespoke)
TRK-BESPOKE-0002,Bespoke Track 2,Selected Artist,R&B,0.75,0.75,0.5,Hand-Mapped Vibe,Curated for manual audit phase.,Manual Curation (Bespoke)
TRK-BESPOKE-0003,Bespoke Track 3,Selected Artist,R&B,0.75,0.75,0.5,Hand-Mapped Vibe,Curated for manual audit phase.,Manual Curation (Bespoke)
TRK-BESPOKE-0004,Bespoke Track 4,Selected Artist,R&B,0.75,0.75,0.5,Hand-Mapped Vibe,Curated for manual audit phase.,Manual Curation (Bespoke)
TRK-BESPOKE-0005,Bespoke Track 5,Selected Artist,R&B,0.75,0.75,0.5,Hand-Mapped Vibe,Curated for manual audit phase.,Manual Curation (Bespoke)
TRK-BESPOKE-0006,Bespoke Track 6,Selected Artist,Pop,0.75,0.75,0.5,Hand-Mapped Vibe,Curated for manual audit phase.,Manual Curation (Bespoke)
TRK-BESPOKE-0007,Bespoke Track 7,Selected Artist,Hip-Hop,0.75,0.75,0.5,Hand-Mapped Vibe,Curated for manual audit phase.,Manual Curation (Bespoke)
TRK-BESPOKE-0008,Bespoke Track 8,Selected Artist,Pop,0.75,0.75,0.5,Hand-Mapped Vibe,Curated for manual audit phase.,Manual Curation (Bespoke)
TRK-BESPOKE-0009,Bespoke Track 9,Selected Artist,R&B,0.75,0.75,0.5,Hand-Mapped Vibe,Curated for manual audit phase.,Manual Curation (Bespoke)
TRK-BESPOKE-0010,Bespoke Track 10,Selected Artist,Hip-Hop,0.75,0.75,0.5,Hand-Mapped Vibe,Curated for manual audit phase.,Manual Curation (Bespoke)
TRK-BESPOKE-0011,Bespoke Track 11,Selected Artist,Pop,0.75,0.75,0.5,Hand-Mapped Vibe,Curated for manual audit phase.,Manual Curation (Bespoke)
TRK-BESPOKE-0012,Bespoke Track 12,Selected Artist,Pop,0.75,0.75,0.5,Hand-Mapped Vibe,Curated for manual audit phase.,Manual Curation (Bespoke)
TRK-BESPOKE-0013,Bespoke Track 13,Selected Artist,R&B,0.75,0.75,0.5,Hand-Mapped Vibe,Curated for manual audit phase.,Manual Curation (Bespoke)
TRK-BESPOKE-0014,Bespoke Track 14,Selected Artist,R&B,0.75,0.75,0.5,Hand-Mapped Vibe,Curated for manual audit phase.,Manual Curation (Bespoke)
TRK-BESPOKE-0015,Bespoke Track 15,Selected Artist,R&B,0.75,0.75,0.5,Hand-Mapped Vibe,Curated for manual audit phase.,Manual Curation (Bespoke)
TRK-BESPOKE-0016,Bespoke Track 16,Selected Artist,Pop,0.75,0.75,0.5,Hand-Mapped Vibe,Curated for manual audit phase.,Manual Curation (Bespoke)
TRK-BESPOKE-0017,Bespoke Track 17,Selected Artist,R&B,0.75,0.75,0.5,Hand-Mapped Vibe,Curated for manual audit phase.,Manual Curation (Bespoke)
TRK-BESPOKE-0018,Bespoke Track 18,Selected Artist,R&B,0.75,0.75,0.5,Hand-Mapped Vibe,Curated for manual audit phase.,Manual Curation (Bespoke)
TRK-BESPOKE-0019,Bespoke Track 19,Selected Artist,R&B,0.75,0.75,0.5,Hand-Mapped Vibe,Curated for manual audit phase.,Manual Curation (Bespoke)
TRK-BESPOKE-0020,Bespoke Track 20,Selected Artist,R&B,0.75,0.75,0.5,Hand-Mapped Vibe,Curated for manual audit phase.,Manual Curation (Bespoke)
TRK-BESPOKE-0021,Bespoke Track 21,Selected Artist,Hip-Hop,0.75,0.75,0.5,Hand-Mapped Vibe,Curated for manual audit phase.,Manual Curation (Bespoke)
TRK-BESPOKE-0022,Bespoke Track 22,Selected Artist,Pop,0.75,0.75,0.5,Hand-Mapped Vibe,Curated for manual audit phase.,Manual Curation (Bespoke)
TRK-BESPOKE-0023,Bespoke Track 23,Selected Artist,Hip-Hop,0.75,0.75,0.5,Hand-Mapped Vibe,Curated for manual audit phase.,Manual Curation (Bespoke)
TRK-BESPOKE-0024,Bespoke Track 24,Selected Artist,Pop,0.75,0.75,0.5,Hand-Mapped Vibe,Curated for manual audit phase.,Manual Curation (Bespoke)
TRK-BESPOKE-0025,Bespoke Track 25,Selected Artist,Pop,0.75,0.75,0.5,Hand-Mapped Vibe,Curated for manual audit phase.,Manual Curation (Bespoke)
TRK-BESPOKE-0026,Bespoke Track 26,Selected Artist,R&B,0.75,0.75,0.5,Hand-Mapped Vibe,Curated for manual audit phase.,Manual Curation (Bespoke)
TRK-BESPOKE-0027,Bespoke Track 27,Selected Artist,R&B,0.75,0.75,0.5,Hand-Mapped Vibe,Curated for manual audit phase.,Manual Curation (Bespoke)
TRK-BESPOKE-0028,Bespoke Track 28,Selected Artist,Hip-Hop,0.75,0.75,0.5,Hand-Mapped Vibe,Curated for manual audit phase.,Manual Curation (Bespoke)
TRK-BESPOKE-0029,Bespoke Track 29,Selected Artist,Pop,0.75,0.75,0.5,Hand-Mapped Vibe,Curated for manual audit phase.,Manual Curation (Bespoke)
TRK-BESPOKE-0030,Bespoke Track 30,Selected Artist,R&B,0.75,0.75,0.5,Hand-Mapped Vibe,Curated for manual audit phase.,Manual Curation (Bespoke)
TRK-BESPOKE-0031,Bespoke Track 31,Selected Artist,Hip-Hop,0.75,0.75,0.5,Hand-Mapped Vibe,Curated for manual audit phase.,Manual Curation (Bespoke)
TRK-BESPOKE-0032,Bespoke Track 32,Selected Artist,Hip-Hop,0.75,0.75,0.5,Hand-Mapped Vibe,Curated for manual audit phase.,Manual Curation (Bespoke)
TRK-BESPOKE-0033,Bespoke Track 33,Selected Artist,Pop,0.75,0.75,0.5,Hand-Mapped Vibe,Curated for manual audit phase.,Manual Curation (Bespoke)
TRK-BESPOKE-0034,Bespoke Track 34,Selected Artist,R&B,0.75,0.75,0.5,Hand-Mapped Vibe,Curated for manual audit phase.,Manual Curation (Bespoke)
TRK-BESPOKE-0035,Bespoke Track 35,Selected Artist,Pop,0.75,0.75,0.5,Hand-Mapped Vibe,Curated for manual audit phase.,Manual Curation (Bespoke)
TRK-BESPOKE-0036,Bespoke Track 36,Selected Artist,R&B,0.75,0.75,0.5,Hand-Mapped Vibe,Curated for manual audit phase.,Manual Curation (Bespoke)
TRK-BESPOKE-0037,Bespoke Track 37,Selected Artist,Hip-Hop,0.75,0.75,0.5,Hand-Mapped Vibe,Curated for manual audit phase.,Manual Curation (Bespoke)
TRK-BESPOKE-0038,Bespoke Track 38,Selected Artist,R&B,0.75,0.75,0.5,Hand-Mapped Vibe,Curated for manual audit phase.,Manual Curation (Bespoke)
TRK-BESPOKE-0039,Bespoke Track 39,Selected Artist,R&B,0.75,0.75,0.5,Hand-Mapped Vibe,Curated for manual audit phase.,Manual Curation (Bespoke)
TRK-BESPOKE-0040,Bespoke Track 40,Selected Artist,Pop,0.75,0.75,0.5,Hand-Mapped Vibe,Curated for manual audit phase.,Manual Curation (Bespoke)
TRK-BESPOKE-0041,Bespoke Track 41,Selected Artist,R&B,0.75,0.75,0.5,Hand-Mapped Vibe,Curated for manual audit phase.,Manual Curation (Bespoke)
TRK-BESPOKE-0042,Bespoke Track 42,Selected Artist,Pop,0.75,0.75,0.5,Hand-Mapped Vibe,Curated for manual audit phase.,Manual Curation (Bespoke)
TRK-BESPOKE-0043,Bespoke Track 43,Selected Artist,Pop,0.75,0.75,0.5,Hand-Mapped Vibe,Curated for manual audit phase.,Manual Curation (Bespoke)
TRK-BESPOKE-0044,Bespoke Track 44,Selected Artist,R&B,0.75,0.75,0.5,Hand-Mapped Vibe,Curated for manual audit phase.,Manual Curation (Bespoke)
TRK-BESPOKE-0045,Bespoke Track 45,Selected Artist,Hip-Hop,0.75,0.75,0.5,Hand-Mapped Vibe,Curated for manual audit phase.,Manual Curation (Bespoke)
TRK-BESPOKE-0046,Bespoke Track 46,Selected Artist,Pop,0.75,0.75,0.5,Hand-Mapped Vibe,Curated for manual audit phase.,Manual Curation (Bespoke)
TRK-BESPOKE-0047,Bespoke Track 47,Selected Artist,Hip-Hop,0.75,0.75,0.5,Hand-Mapped Vibe,Curated for manual audit phase.,Manual Curation (Bespoke)
TRK-BESPOKE-0048,Bespoke Track 48,Selected Artist,Hip-Hop,0.75,0.75,0.5,Hand-Mapped Vibe,Curated for manual audit phase.,Manual Curation (Bespoke)
TRK-BESPOKE-0049,Bespoke Track 49,Selected Artist,Hip-Hop,0.75,0.75,0.5,Hand-Mapped Vibe,Curated for manual audit phase.,Manual Curation (Bespoke)
TRK-BESPOKE-0050,Bespoke Track 50,Selected Artist,Hip-Hop,0.75,0.75,0.5,Hand-Mapped Vibe,Curated for manual audit phase.,Manual Curation (Bespoke)
TRK-BESPOKE-0051,Bespoke Track 51,Selected Artist,Pop,0.75,0.75,0.5,Hand-Mapped Vibe,Curated for manual audit phase.,Manual Curation (Bespoke)
TRK-BESPOKE-0052,Bespoke Track 52,Selected Artist,Hip-Hop,0.75,0.75,0.5,Hand-Mapped Vibe,Curated for manual audit phase.,Manual Curation (Bespoke)
TRK-BESPOKE-0053,Bespoke Track 53,Selected Artist,Hip-Hop,0.75,0.75,0.5,Hand-Mapped Vibe,Curated for manual audit phase.,Manual Curation (Bespoke)
TRK-BESPOKE-0054,Bespoke Track 54,Selected Artist,Pop,0.75,0.75,0.5,Hand-Mapped Vibe,Curated for manual audit phase.,Manual Curation (Bespoke)
TRK-BESPOKE-0055,Bespoke Track 55,Selected Artist,Hip-Hop,0.75,0.75,0.5,Hand-Mapped Vibe,Curated for manual audit phase.,Manual Curation (Bespoke)
TRK-BESPOKE-0056,Bespoke Track 56,Selected Artist,Hip-Hop,0.75,0.75,0.5,Hand-Mapped Vibe,Curated for manual audit phase.,Manual Curation (Bespoke)
TRK-BESPOKE-0057,Bespoke Track 57,Selected Artist,Pop,0.75,0.75,0.5,Hand-Mapped Vibe,Curated for manual audit phase.,Manual Curation (Bespoke)
TRK-BESPOKE-0058,Bespoke Track 58,Selected Artist,R&B,0.75,0.75,0.5,Hand-Mapped Vibe,Curated for manual audit phase.,Manual Curation (Bespoke)
TRK-BESPOKE-0059,Bespoke Track 59,Selected Artist,R&B,0.75,0.75,0.5,Hand-Mapped Vibe,Curated for manual audit phase.,Manual Curation (Bespoke)
TRK-BESPOKE-0060,Bespoke Track 60,Selected Artist,Pop,0.75,0.75,0.5,Hand-Mapped Vibe,Curated for manual audit phase.,Manual Curation (Bespoke)
TRK-BESPOKE-0061,Bespoke Track 61,Selected Artist,Hip-Hop,0.75,0.75,0.5,Hand-Mapped Vibe,Curated for manual audit phase.,Manual Curation (Bespoke)
TRK-BESPOKE-0062,Bespoke Track 62,Selected Artist,Hip-Hop,0.75,0.75,0.5,Hand-Mapped Vibe,Curated for manual audit phase.,Manual Curation (Bespoke)
TRK-BESPOKE-0063,Bespoke Track 63,Selected Artist,Hip-Hop,0.75,0.75,0.5,Hand-Mapped Vibe,Curated for manual audit phase.,Manual Curation (Bespoke)
TRK-BESPOKE-0064,Bespoke Track 64,Selected Artist,R&B,0.75,0.75,0.5,Hand-Mapped Vibe,Curated for manual audit phase.,Manual Curation (Bespoke)
TRK-BESPOKE-0065,Bespoke Track 65,Selected Artist,Hip-Hop,0.75,0.75,0.5,Hand-Mapped Vibe,Curated for manual audit phase.,Manual Curation (Bespoke)
TRK-BESPOKE-0066,Bespoke Track 66,Selected Artist,Hip-Hop,0.75,0.75,0.5,Hand-Mapped Vibe,Curated for manual audit phase.,Manual Curation (Bespoke)
TRK-BESPOKE-0067,Bespoke Track 67,Selected Artist,Pop,0.75,0.75,0.5,Hand-Mapped Vibe,Curated for manual audit phase.,Manual Curation (Bespoke)
TRK-BESPOKE-0068,Bespoke Track 68,Selected Artist,Hip-Hop,0.75,0.75,0.5,Hand-Mapped Vibe,Curated for manual audit phase.,Manual Curation (Bespoke)
TRK-BESPOKE-0069,Bespoke Track 69,Selected Artist,Hip-Hop,0.75,0.75,0.5,Hand-Mapped Vibe,Curated for manual audit phase.,Manual Curation (Bespoke)
TRK-BESPOKE-0070,Bespoke Track 70,Selected Artist,R&B,0.75,0.75,0.5,Hand-Mapped Vibe,Curated for manual audit phase.,Manual Curation (Bespoke)
TRK-BESPOKE-0071,Bespoke Track 71,Selected Artist,Pop,0.75,0.75,0.5,Hand-Mapped Vibe,Curated for manual audit phase.,Manual Curation (Bespoke)
TRK-BESPOKE-0072,Bespoke Track 72,Selected Artist,R&B,0.75,0.75,0.5,Hand-Mapped Vibe,Curated for manual audit phase.,Manual Curation (Bespoke)
TRK-BESPOKE-0073,Bespoke Track 73,Selected Artist,R&B,0.75,0.75,0.5,Hand-Mapped Vibe,Curated for manual audit phase.,Manual Curation (Bespoke)
TRK-BESPOKE-0074,Bespoke Track 74,Selected Artist,Hip-Hop,0.75,0.75,0.5,Hand-Mapped Vibe,Curated for manual audit phase.,Manual Curation (Bespoke)
TRK-SCALED-0000,Augmented Track 0,Computational Artist 83,R&B,0.61,0.7,0.19,Aggressive,Algorithmically matched via Euclidean distance in vector space.,Spotify API (Augmented)
TRK-SCALED-0001,Augmented Track 1,Computational Artist 192,EDM,0.51,0.64,0.55,Dreamy,Algorithmically matched via Euclidean distance in vector space.,Spotify API (Augmented)
TRK-SCALED-0002,Augmented Track 2,Computational Artist 106,EDM,0.22,0.32,0.47,Smooth,Algorithmically matched via Euclidean distance in vector space.,Spotify API (Augmented)
TRK-SCALED-0003,Augmented Track 3,Computational Artist 126,R&B,0.64,0.6,0.12,Moody,Algorithmically matched via Euclidean distance in vector space.,Spotify API (Augmented)
TRK-SCALED-0004,Augmented Track 4,Computational Artist 28,EDM,0.38,0.61,0.11,High Energy,Algorithmically matched via Euclidean distance in vector space.,Spotify API (Augmented)
TRK-SCALED-0005,Augmented Track 5,Computational Artist 4,Hip-Hop,0.71,0.81,0.4,Smooth,Algorithmically matched via Euclidean distance in vector space.,Spotify API (Augmented)
TRK-SCALED-0006,Augmented Track 6,Computational Artist 163,Indie,0.36,0.38,0.13,Dreamy,Algorithmically matched via Euclidean distance in vector space.,Spotify API (Augmented)
TRK-SCALED-0007,Augmented Track 7,Computational Artist 128,Pop,0.76,0.68,0.85,Smooth,Algorithmically matched via Euclidean distance in vector space.,Spotify API (Augmented)
TRK-SCALED-0008,Augmented Track 8,Computational Artist 136,Pop,0.75,0.61,0.53,Aggressive,Algorithmically matched via Euclidean distance in vector space.,Spotify API (Augmented)
TRK-SCALED-0009,Augmented Track 9,Computational Artist 132,R&B,0.67,0.4,0.46,Dreamy,Algorithmically matched via Euclidean distance in vector space.,Spotify API (Augmented)
TRK-SCALED-0010,Augmented Track 10,Computational Artist 105,Hip-Hop,0.71,0.85,0.53,Dreamy,Algorithmically matched via Euclidean distance in vector space.,Spotify API (Augmented)
TRK-SCALED-0011,Augmented Track 11,Computational Artist 106,Hip-Hop,0.63,0.88,0.33,Chill,Algorithmically matched via Euclidean distance in vector space.,Spotify API (Augmented)
TRK-SCALED-0012,Augmented Track 12,Computational Artist 174,Jazz,0.49,0.65,0.17,Anthemic,Algorithmically matched via Euclidean distance in vector space.,Spotify API (Augmented)
TRK-SCALED-0013,Augmented Track 13,Computational Artist 102,R&B,0.62,0.48,0.52,Anthemic,Algorithmically matched via Euclidean distance in vector space.,Spotify API (Augmented)
TRK-SCALED-0014,Augmented Track 14,Computational Artist 115,Pop,0.55,0.79,0.51,Anthemic,Algorithmically matched via Euclidean distance in vector space.,Spotify API (Augmented)
TRK-SCALED-0015,Augmented Track 15,Computational Artist 3,Pop,0.69,0.84,0.52,Dreamy,Algorithmically matched via Euclidean distance in vector space.,Spotify API (Augmented)
TRK-SCALED-0016,Augmented Track 16,Computational Artist 108,Pop,0.79,0.64,0.53,Moody,Algorithmically matched via Euclidean distance in vector space.,Spotify API (Augmented)
TRK-SCALED-0017,Augmented Track 17,Computational Artist 25,Jazz,0.25,0.39,0.33,High Energy,Algorithmically matched via Euclidean distance in vector space.,Spotify API (Augmented)
TRK-SCALED-0018,Augmented Track 18,Computational Artist 122,Jazz,0.3,0.31,0.33,Chill,Algorithmically matched via Euclidean distance in vector space.,Spotify API (Augmented)
TRK-SCALED-0019,Augmented Track 19,Computational Artist 56,Jazz,0.56,0.52,0.29,Dreamy,Algorithmically matched via Euclidean distance in vector space.,Spotify API (Augmented)
TRK-SCALED-0020,Augmented Track 20,Computational Artist 169,Folk,0.66,0.39,0.51,Dreamy,Algorithmically matched via Euclidean distance in vector space.,Spotify API (Augmented)
TRK-SCALED-0021,Augmented Track 21,Computational Artist 133,EDM,0.41,0.61,0.41,Dreamy,Algorithmically matched via Euclidean distance in vector space.,Spotify API (Augmented)
TRK-SCALED-0022,Augmented Track 22,Computational Artist 143,Folk,0.58,0.52,0.45,High Energy,Algorithmically matched via Euclidean distance in vector space.,Spotify API (Augmented)
TRK-SCALED-0023,Augmented Track 23,Computational Artist 128,Folk,0.66,0.48,0.32,Chill,Algorithmically matched via Euclidean distance in vector space.,Spotify API (Augmented)
TRK-SCALED-0024,Augmented Track 24,Computational Artist 9,Folk,0.3,0.44,0.46,Chill,Algorithmically matched via Euclidean distance in vector space.,Spotify API (Augmented)
TRK-SCALED-0025,Augmented Track 25,Computational Artist 45,R&B,0.52,0.36,0.17,Dreamy,Algorithmically matched via Euclidean distance in vector space.,Spotify API (Augmented)
TRK-SCALED-0026,Augmented Track 26,Computational Artist 18,Folk,0.3,0.64,0.24,Aggressive,Algorithmically matched via Euclidean distance in vector space.,Spotify API (Augmented)
TRK-SCALED-0027,Augmented Track 27,Computational Artist 137,R&B,0.58,0.56,0.25,Dreamy,Algorithmically matched via Euclidean distance in vector space.,Spotify API (Augmented)
TRK-SCALED-0028,Augmented Track 28,Computational Artist 162,Jazz,0.49,0.45,0.52,Anthemic,Algorithmically matched via Euclidean distance in vector space.,Spotify API (Augmented)
TRK-SCALED-0029,Augmented Track 29,Computational Artist 71,Jazz,0.27,0.62,0.17,Dreamy,Algorithmically matched via Euclidean distance in vector space.,Spotify API (Augmented)
TRK-SCALED-0030,Augmented Track 30,Computational Artist 168,Jazz,0.5,0.56,0.38,High Energy,Algorithmically matched via Euclidean distance in vector space.,Spotify API (Augmented)
TRK-SCALED-0031,Augmented Track 31,Computational Artist 89,EDM,0.39,0.66,0.38,Dreamy,Algorithmically matched via Euclidean distance in vector space.,Spotify API (Augmented)
TRK-SCALED-0032,Augmented Track 32,Computational Artist 165,R&B,0.26,0.41,0.26,Dreamy,Algorithmically matched via Euclidean distance in vector space.,Spotify API (Augmented)
TRK-SCALED-0033,Augmented Track 33,Computational Artist 175,R&B,0.61,0.44,0.12,Anthemic,Algorithmically matched via Euclidean distance in vector space.,Spotify API (Augmented)
TRK-SCALED-0034,Augmented Track 34,Computational Artist 27,Pop,0.81,0.85,0.58,High Energy,Algorithmically matched via Euclidean distance in vector space.,Spotify API (Augmented)
TRK-SCALED-0035,Augmented Track 35,Computational Artist 108,Jazz,0.53,0.58,0.3,Chill,Algorithmically matched via Euclidean distance in vector space.,Spotify API (Augmented)
TRK-SCALED-0036,Augmented Track 36,Computational Artist 151,R&B,0.38,0.61,0.5,Chill,Algorithmically matched via Euclidean distance in vector space.,Spotify API (Augmented)
TRK-SCALED-0037,Augmented Track 37,Computational Artist 151,Folk,0.31,0.54,0.17,Aggressive,Algorithmically matched via Euclidean distance in vector space.,Spotify API (Augmented)
TRK-SCALED-0038,Augmented Track 38,Computational Artist 55,Pop,0.79,0.84,0.86,Dreamy,Algorithmically matched via Euclidean distance in vector space.,Spotify API (Augmented)
TRK-SCALED-0039,Augmented Track 39,Computational Artist 116,R&B,0.35,0.54,0.16,Moody,Algorithmically matched via Euclidean distance in vector space.,Spotify API (Augmented)
TRK-SCALED-0040,Augmented Track 40,Computational Artist 90,Folk,0.56,0.44,0.33,Aggressive,Algorithmically matched via Euclidean distance in vector space.,Spotify API (Augmented)
TRK-SCALED-0041,Augmented Track 41,Computational Artist 173,Jazz,0.54,0.33,0.22,High Energy,Algorithmically matched via Euclidean distance in vector space.,Spotify API (Augmented)
TRK-SCALED-0042,Augmented Track 42,Computational Artist 54,Folk,0.39,0.66,0.43,Dreamy,Algorithmically matched via Euclidean distance in vector space.,Spotify API (Augmented)
TRK-SCALED-0043,Augmented Track 43,Computational Artist 97,EDM,0.34,0.62,0.13,Dreamy,Algorithmically matched via Euclidean distance in vector space.,Spotify API (Augmented)
TRK-SCALED-0044,Augmented Track 44,Computational Artist 151,R&B,0.53,0.5,0.22,Dreamy,Algorithmically matched via Euclidean distance in vector space.,Spotify API (Augmented)
TRK-SCALED-0045,Augmented Track 45,Computational Artist 26,Folk,0.37,0.39,0.3,Smooth,Algorithmically matched via Euclidean distance in vector space.,Spotify API (Augmented)
TRK-SCALED-0046,Augmented Track 46,Computational Artist 95,Folk,0.34,0.48,0.2,Anthemic,Algorithmically matched via Euclidean distance in vector space.,Spotify API (Augmented)
TRK-SCALED-0047,Augmented Track 47,Computational Artist 64,Jazz,0.51,0.61,0.33,Moody,Algorithmically matched via Euclidean distance in vector space.,Spotify API (Augmented)
TRK-SCALED-0048,Augmented Track 48,Computational Artist 61,Indie,0.52,0.37,0.59,Chill,Algorithmically matched via Euclidean distance in vector space.,Spotify API (Augmented)
TRK-SCALED-0049,Augmented Track 49,Computational Artist 170,EDM,0.3,0.5,0.44,Smooth,Algorithmically matched via Euclidean distance in vector space.,Spotify API (Augmented)
TRK-SCALED-0050,Augmented Track 50,Computational Artist 18,R&B,0.41,0.61,0.13,High Energy,Algorithmically matched via Euclidean distance in vector space.,Spotify API (Augmented)
TRK-SCALED-0051,Augmented Track 51,Computational Artist 17,Jazz,0.63,0.33,0.4,High Energy,Algorithmically matched via Euclidean distance in vector space.,Spotify API (Augmented)
TRK-SCALED-0052,Augmented Track 52,Computational Artist 6,Pop,0.63,0.62,0.85,High Energy,Algorithmically matched via Euclidean distance in vector space.,Spotify API (Augmented)
TRK-SCALED-0053,Augmented Track 53,Computational Artist 95,Folk,0.34,0.34,0.19,Smooth,Algorithmically matched via Euclidean distance in vector space.,Spotify API (Augmented)
TRK-SCALED-0054,Augmented Track 54,Computational Artist 70,Jazz,0.32,0.58,0.38,Dreamy,Algorithmically matched via Euclidean distance in vector space.,Spotify API (Augmented)
TRK-SCALED-0055,Augmented Track 55,Computational Artist 71,Jazz,0.54,0.39,0.23,Aggressive,Algorithmically matched via Euclidean distance in vector space.,Spotify API (Augmented)
TRK-SCALED-0056,Augmented Track 56,Computational Artist 51,Pop,0.62,0.69,0.8,Chill,Algorithmically matched via Euclidean distance in vector space.,Spotify API (Augmented)
TRK-SCALED-0057,Augmented Track 57,Computational Artist 163,Indie,0.69,0.35,0.25,Dreamy,Algorithmically matched via Euclidean distance in vector space.,Spotify API (Augmented)
TRK-SCALED-0058,Augmented Track 58,Computational Artist 145,EDM,0.68,0.46,0.34,Moody,Algorithmically matched via Euclidean distance in vector space.,Spotify API (Augmented)
TRK-SCALED-0059,Augmented Track 59,Computational Artist 89,Pop,0.85,0.67,0.76,Dreamy,Algorithmically matched via Euclidean distance in vector space.,Spotify API (Augmented)
TRK-SCALED-0060,Augmented Track 60,Computational Artist 78,Hip-Hop,0.87,0.72,0.51,Moody,Algorithmically matched via Euclidean distance in vector space.,Spotify API (Augmented)
TRK-SCALED-0061,Augmented Track 61,Computational Artist 101,Folk,0.41,0.63,0.11,Moody,Algorithmically matched via Euclidean distance in vector space.,Spotify API (Augmented)
TRK-SCALED-0062,Augmented Track 62,Computational Artist 52,Jazz,0.45,0.45,0.42,Smooth,Algorithmically matched via Euclidean distance in vector space.,Spotify API (Augmented)
TRK-SCALED-0063,Augmented Track 63,Computational Artist 1,Indie,0.22,0.35,0.48,Chill,Algorithmically matched via Euclidean distance in vector space.,Spotify API (Augmented)
TRK-SCALED-0064,Augmented Track 64,Computational Artist 183,Hip-Hop,0.77,0.75,0.31,Smooth,Algorithmically matched via Euclidean distance in vector space.,Spotify API (Augmented)
TRK-SCALED-0065,Augmented Track 65,Computational Artist 41,Indie,0.63,0.61,0.11,Aggressive,Algorithmically matched via Euclidean distance in vector space.,Spotify API (Augmented)
TRK-SCALED-0066,Augmented Track 66,Computational Artist 15,Folk,0.45,0.31,0.19,Smooth,Algorithmically matched via Euclidean distance in vector space.,Spotify API (Augmented)
TRK-SCALED-0067,Augmented Track 67,Computational Artist 182,Hip-Hop,0.79,0.79,0.42,Moody,Algorithmically matched via Euclidean distance in vector space.,Spotify API (Augmented)
TRK-SCALED-0068,Augmented Track 68,Computational Artist 36,Folk,0.59,0.57,0.5,Aggressive,Algorithmically matched via Euclidean distance in vector space.,Spotify API (Augmented)
TRK-SCALED-0069,Augmented Track 69,Computational Artist 76,Folk,0.2,0.43,0.29,Chill,Algorithmically matched via Euclidean distance in vector space.,Spotify API (Augmented)
TRK-SCALED-0070,Augmented Track 70,Computational Artist 57,Jazz,0.63,0.55,0.15,Anthemic,Algorithmically matched via Euclidean distance in vector space.,Spotify API (Augmented)
TRK-SCALED-0071,Augmented Track 71,Computational Artist 132,Jazz,0.22,0.67,0.12,Anthemic,Algorithmically matched via Euclidean distance in vector space.,Spotify API (Augmented)
TRK-SCALED-0072,Augmented Track 72,Computational Artist 188,Folk,0.69,0.53,0.12,High Energy,Algorithmically matched via Euclidean distance in vector space.,Spotify API (Augmented)
TRK-SCALED-0073,Augmented Track 73,Computational Artist 158,Pop,0.6,0.81,0.56,Dreamy,Algorithmically matched via Euclidean distance in vector space.,Spotify API (Augmented)
TRK-SCALED-0074,Augmented Track 74,Computational Artist 89,R&B,0.31,0.46,0.25,Aggressive,Algorithmically matched via Euclidean distance in vector space.,Spotify API (Augmented)
TRK-SCALED-0075,Augmented Track 75,Computational Artist 43,Indie,0.33,0.4,0.11,Anthemic,Algorithmically matched via Euclidean distance in vector space.,Spotify API (Augmented)
TRK-SCALED-0076,Augmented Track 76,Computational Artist 172,Jazz,0.42,0.64,0.57,Anthemic,Algorithmically matched via Euclidean distance in vector space.,Spotify API (Augmented)
TRK-SCALED-0077,Augmented Track 77,Computational Artist 8,Hip-Hop,0.72,0.88,0.53,Anthemic,Algorithmically matched via Euclidean distance in vector space.,Spotify API (Augmented)
TRK-SCALED-0078,Augmented Track 78,Computational Artist 189,Pop,0.61,0.64,0.55,Anthemic,Algorithmically matched via Euclidean distance in vector space.,Spotify API (Augmented)
TRK-SCALED-0079,Augmented Track 79,Computational Artist 90,Pop,0.83,0.68,0.67,Moody,Algorithmically matched via Euclidean distance in vector space.,Spotify API (Augmented)
TRK-SCALED-0080,Augmented Track 80,Computational Artist 10,Indie,0.22,0.44,0.52,Chill,Algorithmically matched via Euclidean distance in vector space.,Spotify API (Augmented)
TRK-SCALED-0081,Augmented Track 81,Computational Artist 172,Indie,0.45,0.44,0.25,Anthemic,Algorithmically matched via Euclidean distance in vector space.,Spotify API (Augmented)
TRK-SCALED-0082,Augmented Track 82,Computational Artist 63,Indie,0.68,0.48,0.39,Dreamy,Algorithmically matched via Euclidean distance in vector space.,Spotify API (Augmented)
TRK-SCALED-0083,Augmented Track 83,Computational Artist 48,Pop,0.81,0.85,0.66,Smooth,Algorithmically matched via Euclidean distance in vector space.,Spotify API (Augmented)
TRK-SCALED-0084,Augmented Track 84,Computational Artist 75,Pop,0.78,0.64,0.79,High Energy,Algorithmically matched via Euclidean distance in vector space.,Spotify API (Augmented)
TRK-SCALED-0085,Augmented Track 85,Computational Artist 42,Hip-Hop,0.71,0.82,0.38,Anthemic,Algorithmically matched via Euclidean distance in vector space.,Spotify API (Augmented)
TRK-SCALED-0086,Augmented Track 86,Computational Artist 99,R&B,0.22,0.42,0.51,Anthemic,Algorithmically matched via Euclidean distance in vector space.,Spotify API (Augmented)
TRK-SCALED-0087,Augmented Track 87,Computational Artist 180,Pop,0.6,0.8,0.77,Smooth,Algorithmically matched via Euclidean distance in vector space.,Spotify API (Augmented)
TRK-SCALED-0088,Augmented Track 88,Computational Artist 4,Indie,0.62,0.55,0.21,Moody,Algorithmically matched via Euclidean distance in vector space.,Spotify API (Augmented)
TRK-SCALED-0089,Augmented Track 89,Computational Artist 172,Hip-Hop,0.79,0.72,0.4,Smooth,Algorithmically matched via Euclidean distance in vector space.,Spotify API (Augmented)
TRK-SCALED-0090,Augmented Track 90,Computational Artist 188,Hip-Hop,0.9,0.76,0.4,Chill,Algorithmically matched via Euclidean distance in vector space.,Spotify API (Augmented)
TRK-SCALED-0091,Augmented Track 91,Computational Artist 66,Jazz,0.64,0.45,0.3,Dreamy,Algorithmically matched via Euclidean distance in vector space.,Spotify API (Augmented)
TRK-SCALED-0092,Augmented Track 92,Computational Artist 127,Folk,0.27,0.57,0.42,Chill,Algorithmically matched via Euclidean distance in vector space.,Spotify API (Augmented)
TRK-SCALED-0093,Augmented Track 93,Computational Artist 63,EDM,0.52,0.65,0.29,Aggressive,Algorithmically matched via Euclidean distance in vector space.,Spotify API (Augmented)
TRK-SCALED-0094,Augmented Track 94,Computational Artist 152,Hip-Hop,0.69,0.74,0.52,High Energy,Algorithmically matched via Euclidean distance in vector space.,Spotify API (Augmented)
TRK-SCALED-0095,Augmented Track 95,Computational Artist 187,Hip-Hop,0.91,0.88,0.38,Smooth,Algorithmically matched via Euclidean distance in vector space.,Spotify API (Augmented)
TRK-SCALED-0096,Augmented Track 96,Computational Artist 78,Hip-Hop,0.64,0.88,0.47,High Energy,Algorithmically matched via Euclidean distance in vector space.,Spotify API (Augmented)
TRK-SCALED-0097,Augmented Track 97,Computational Artist 163,Folk,0.35,0.42,0.33,Anthemic,Algorithmically matched via Euclidean distance in vector space.,Spotify API (Augmented)
TRK-SCALED-0098,Augmented Track 98,Computational Artist 14,R&B,0.58,0.36,0.29,Smooth,Algorithmically matched via Euclidean distance in vector space.,Spotify API (Augmented)
TRK-SCALED-0099,Augmented Track 99,Computational Artist 188,Pop,0.58,0.77,0.67,Aggressive,Algorithmically matched via Euclidean distance in vector space.,Spotify API (Augmented)
TRK-SCALED-0100,Augmented Track 100,Computational Artist 159,Pop,0.58,0.66,0.78,Smooth,Algorithmically matched via Euclidean distance in vector space.,Spotify API (Augmented)
TRK-SCALED-0101,Augmented Track 101,Computational Artist 168,Folk,0.24,0.3,0.37,Chill,Algorithmically matched via Euclidean distance in vector space.,Spotify API (Augmented)
TRK-SCALED-0102,Augmented Track 102,Computational Artist 15,EDM,0.63,0.67,0.53,Anthemic,Algorithmically matched via Euclidean distance in vector space.,Spotify API (Augmented)
TRK-SCALED-0103,Augmented Track 103,Computational Artist 95,EDM,0.67,0.67,0.35,Smooth,Algorithmically matched via Euclidean distance in vector space.,Spotify API (Augmented)
TRK-SCALED-0104,Augmented Track 104,Computational Artist 182,R&B,0.68,0.6,0.59,High Energy,Algorithmically matched via Euclidean distance in vector space.,Spotify API (Augmented)
TRK-SCALED-0105,Augmented Track 105,Computational Artist 183,Indie,0.57,0.69,0.35,Anthemic,Algorithmically matched via Euclidean distance in vector space.,Spotify API (Augmented)
TRK-SCALED-0106,Augmented Track 106,Computational Artist 164,Folk,0.69,0.6,0.28,Smooth,Algorithmically matched via Euclidean distance in vector space.,Spotify API (Augmented)
TRK-SCALED-0107,Augmented Track 107,Computational Artist 174,Folk,0.48,0.5,0.48,Moody,Algorithmically matched via Euclidean distance in vector space.,Spotify API (Augmented)
TRK-SCALED-0108,Augmented Track 108,Computational Artist 199,Pop,0.65,0.77,0.52,Anthemic,Algorithmically matched via Euclidean distance in vector space.,Spotify API (Augmented)
TRK-SCALED-0109,Augmented Track 109,Computational Artist 140,Pop,0.81,0.84,0.51,Aggressive,Algorithmically matched via Euclidean distance in vector space.,Spotify API (Augmented)
TRK-SCALED-0110,Augmented Track 110,Computational Artist 131,R&B,0.47,0.43,0.14,Dreamy,Algorithmically matched via Euclidean distance in vector space.,Spotify API (Augmented)
TRK-SCALED-0111,Augmented Track 111,Computational Artist 23,Indie,0.61,0.55,0.51,Dreamy,Algorithmically matched via Euclidean distance in vector space.,Spotify API (Augmented)
TRK-SCALED-0112,Augmented Track 112,Computational Artist 121,Pop,0.81,0.6,0.67,Smooth,Algorithmically matched via Euclidean distance in vector space.,Spotify API (Augmented)
TRK-SCALED-0113,Augmented Track 113,Computational Artist 52,Pop,0.6,0.71,0.84,Smooth,Algorithmically matched via Euclidean distance in vector space.,Spotify API (Augmented)
TRK-SCALED-0114,Augmented Track 114,Computational Artist 178,R&B,0.41,0.67,0.26,Aggressive,Algorithmically matched via Euclidean distance in vector space.,Spotify API (Augmented)
TRK-SCALED-0115,Augmented Track 115,Computational Artist 66,Pop,0.75,0.72,0.69,Dreamy,Algorithmically matched via Euclidean distance in vector space.,Spotify API (Augmented)
TRK-SCALED-0116,Augmented Track 116,Computational Artist 162,Pop,0.82,0.65,0.5,Moody,Algorithmically matched via Euclidean distance in vector space.,Spotify API (Augmented)
TRK-SCALED-0117,Augmented Track 117,Computational Artist 124,R&B,0.45,0.63,0.28,Moody,Algorithmically matched via Euclidean distance in vector space.,Spotify API (Augmented)
TRK-SCALED-0118,Augmented Track 118,Computational Artist 84,R&B,0.56,0.67,0.15,Anthemic,Algorithmically matched via Euclidean distance in vector space.,Spotify API (Augmented)
TRK-SCALED-0119,Augmented Track 119,Computational Artist 180,R&B,0.38,0.36,0.56,High Energy,Algorithmically matched via Euclidean distance in vector space.,Spotify API (Augmented)
TRK-SCALED-0120,Augmented Track 120,Computational Artist 22,R&B,0.36,0.57,0.34,Moody,Algorithmically matched via Euclidean distance in vector space.,Spotify API (Augmented)
TRK-SCALED-0121,Augmented Track 121,Computational Artist 37,EDM,0.42,0.3,0.37,High Energy,Algorithmically matched via Euclidean distance in vector space.,Spotify API (Augmented)
TRK-SCALED-0122,Augmented Track 122,Computational Artist 180,R&B,0.64,0.67,0.47,Anthemic,Algorithmically matched via Euclidean distance in vector space.,Spotify API (Augmented)
TRK-SCALED-0123,Augmented Track 123,Computational Artist 192,EDM,0.41,0.31,0.32,Moody,Algorithmically matched via Euclidean distance in vector space.,Spotify API (Augmented)
TRK-SCALED-0124,Augmented Track 124,Computational Artist 82,Jazz,0.56,0.59,0.53,Aggressive,Algorithmically matched via Euclidean distance in vector space.,Spotify API (Augmented)
TRK-SCALED-0125,Augmented Track 125,Computational Artist 147,Folk,0.25,0.5,0.3,Anthemic,Algorithmically matched via Euclidean distance in vector space.,Spotify API (Augmented)
TRK-SCALED-0126,Augmented Track 126,Computational Artist 142,Indie,0.64,0.39,0.51,High Energy,Algorithmically matched via Euclidean distance in vector space.,Spotify API (Augmented)
TRK-SCALED-0127,Augmented Track 127,Computational Artist 102,Jazz,0.59,0.65,0.23,Dreamy,Algorithmically matched via Euclidean distance in vector space.,Spotify API (Augmented)
TRK-SCALED-0128,Augmented Track 128,Computational Artist 194,Indie,0.69,0.64,0.26,Chill,Algorithmically matched via Euclidean distance in vector space.,Spotify API (Augmented)
TRK-SCALED-0129,Augmented Track 129,Computational Artist 31,Pop,0.64,0.67,0.89,Moody,Algorithmically matched via Euclidean distance in vector space.,Spotify API (Augmented)
TRK-SCALED-0130,Augmented Track 130,Computational Artist 113,EDM,0.41,0.45,0.4,Aggressive,Algorithmically matched via Euclidean distance in vector space.,Spotify API (Augmented)
TRK-SCALED-0131,Augmented Track 131,Computational Artist 193,Pop,0.63,0.7,0.6,Chill,Algorithmically matched via Euclidean distance in vector space.,Spotify API (Augmented)
TRK-SCALED-0132,Augmented Track 132,Computational Artist 67,Pop,0.76,0.63,0.78,Aggressive,Algorithmically matched via Euclidean distance in vector space.,Spotify API (Augmented)
TRK-SCALED-0133,Augmented Track 133,Computational Artist 186,EDM,0.58,0.37,0.36,Smooth,Algorithmically matched via Euclidean distance in vector space.,Spotify API (Augmented)
TRK-SCALED-0134,Augmented Track 134,Computational Artist 106,Pop,0.72,0.83,0.62,High Energy,Algorithmically matched via Euclidean distance in vector space.,Spotify API (Augmented)
TRK-SCALED-0135,Augmented Track 135,Computational Artist 117,EDM,0.52,0.32,0.48,Moody,Algorithmically matched via Euclidean distance in vector space.,Spotify API (Augmented)
TRK-SCALED-0136,Augmented Track 136,Computational Artist 41,Pop,0.67,0.71,0.68,Anthemic,Algorithmically matched via Euclidean distance in vector space.,Spotify API (Augmented)
TRK-SCALED-0137,Augmented Track 137,Computational Artist 36,Folk,0.4,0.48,0.39,High Energy,Algorithmically matched via Euclidean distance in vector space.,Spotify API (Augmented)
TRK-SCALED-0138,Augmented Track 138,Computational Artist 189,Folk,0.45,0.62,0.56,Dreamy,Algorithmically matched via Euclidean distance in vector space.,Spotify API (Augmented)
TRK-SCALED-0139,Augmented Track 139,Computational Artist 177,R&B,0.31,0.61,0.46,Dreamy,Algorithmically matched via Euclidean distance in vector space.,Spotify API (Augmented)
TRK-SCALED-0140,Augmented Track 140,Computational Artist 65,Pop,0.71,0.62,0.87,Dreamy,Algorithmically matched via Euclidean distance in vector space.,Spotify API (Augmented)
TRK-SCALED-0141,Augmented Track 141,Computational Artist 21,Jazz,0.23,0.6,0.4,High Energy,Algorithmically matched via Euclidean distance in vector space.,Spotify API (Augmented)
TRK-SCALED-0142,Augmented Track 142,Computational Artist 86,Jazz,0.55,0.4,0.34,Anthemic,Algorithmically matched via Euclidean distance in vector space.,Spotify API (Augmented)
TRK-SCALED-0143,Augmented Track 143,Computational Artist 14,Folk,0.21,0.38,0.22,High Energy,Algorithmically matched via Euclidean distance in vector space.,Spotify API (Augmented)
TRK-SCALED-0144,Augmented Track 144,Computational Artist 42,R&B,0.49,0.55,0.47,Dreamy,Algorithmically matched via Euclidean distance in vector space.,Spotify API (Augmented)
TRK-SCALED-0145,Augmented Track 145,Computational Artist 51,Jazz,0.28,0.6,0.47,Smooth,Algorithmically matched via Euclidean distance in vector space.,Spotify API (Augmented)
TRK-SCALED-0146,Augmented Track 146,Computational Artist 112,Folk,0.69,0.55,0.22,Anthemic,Algorithmically matched via Euclidean distance in vector space.,Spotify API (Augmented)
TRK-SCALED-0147,Augmented Track 147,Computational Artist 65,Pop,0.6,0.85,0.6,Smooth,Algorithmically matched via Euclidean distance in vector space.,Spotify API (Augmented)
TRK-SCALED-0148,Augmented Track 148,Computational Artist 77,Hip-Hop,0.95,0.7,0.57,High Energy,Algorithmically matched via Euclidean distance in vector space.,Spotify API (Augmented)
TRK-SCALED-0149,Augmented Track 149,Computational Artist 47,Hip-Hop,0.61,0.75,0.35,Anthemic,Algorithmically matched via Euclidean distance in vector space.,Spotify API (Augmented)
TRK-SCALED-0150,Augmented Track 150,Computational Artist 95,Hip-Hop,0.69,0.72,0.48,Moody,Algorithmically matched via Euclidean distance in vector space.,Spotify API (Augmented)
TRK-SCALED-0151,Augmented Track 151,Computational Artist 64,Hip-Hop,0.72,0.79,0.6,Dreamy,Algorithmically matched via Euclidean distance in vector space.,Spotify API (Augmented)
TRK-SCALED-0152,Augmented Track 152,Computational Artist 19,R&B,0.49,0.56,0.54,Dreamy,Algorithmically matched via Euclidean distance in vector space.,Spotify API (Augmented)
TRK-SCALED-0153,Augmented Track 153,Computational Artist 80,EDM,0.49,0.5,0.37,Smooth,Algorithmically matched via Euclidean distance in vector space.,Spotify API (Augmented)
TRK-SCALED-0154,Augmented Track 154,Computational Artist 142,Indie,0.59,0.47,0.12,High Energy,Algorithmically matched via Euclidean distance in vector space.,Spotify API (Augmented)
TRK-SCALED-0155,Augmented Track 155,Computational Artist 123,Indie,0.43,0.69,0.57,Moody,Algorithmically matched via Euclidean distance in vector space.,Spotify API (Augmented)
TRK-SCALED-0156,Augmented Track 156,Computational Artist 2,EDM,0.55,0.63,0.42,Chill,Algorithmically matched via Euclidean distance in vector space.,Spotify API (Augmented)
TRK-SCALED-0157,Augmented Track 157,Computational Artist 139,EDM,0.44,0.49,0.41,Aggressive,Algorithmically matched via Euclidean distance in vector space.,Spotify API (Augmented)
TRK-SCALED-0158,Augmented Track 158,Computational Artist 128,Hip-Hop,0.83,0.74,0.49,Moody,Algorithmically matched via Euclidean distance in vector space.,Spotify API (Augmented)
TRK-SCALED-0159,Augmented Track 159,Computational Artist 36,Folk,0.27,0.42,0.13,Dreamy,Algorithmically matched via Euclidean distance in vector space.,Spotify API (Augmented)
TRK-SCALED-0160,Augmented Track 160,Computational Artist 83,EDM,0.28,0.59,0.41,Moody,Algorithmically matched via Euclidean distance in vector space.,Spotify API (Augmented)
TRK-SCALED-0161,Augmented Track 161,Computational Artist 126,Hip-Hop,0.67,0.75,0.58,High Energy,Algorithmically matched via Euclidean distance in vector space.,Spotify API (Augmented)
TRK-SCALED-0162,Augmented Track 162,Computational Artist 33,R&B,0.65,0.58,0.23,Moody,Algorithmically matched via Euclidean distance in vector space.,Spotify API (Augmented)
TRK-SCALED-0163,Augmented Track 163,Computational Artist 175,Jazz,0.26,0.53,0.56,Moody,Algorithmically matched via Euclidean distance in vector space.,Spotify API (Augmented)
TRK-SCALED-0164,Augmented Track 164,Computational Artist 184,Jazz,0.47,0.31,0.3,Moody,Algorithmically matched via Euclidean distance in vector space.,Spotify API (Augmented)
TRK-SCALED-0165,Augmented Track 165,Computational Artist 15,Hip-Hop,0.91,0.71,0.38,Moody,Algorithmically matched via Euclidean distance in vector space.,Spotify API (Augmented)
TRK-SCALED-0166,Augmented Track 166,Computational Artist 52,Folk,0.47,0.68,0.33,High Energy,Algorithmically matched via Euclidean distance in vector space.,Spotify API (Augmented)
TRK-SCALED-0167,Augmented Track 167,Computational Artist 137,Hip-Hop,0.67,0.8,0.51,Chill,Algorithmically matched via Euclidean distance in vector space.,Spotify API (Augmented)
TRK-SCALED-0168,Augmented Track 168,Computational Artist 190,Pop,0.73,0.82,0.58,Dreamy,Algorithmically matched via Euclidean distance in vector space.,Spotify API (Augmented)
TRK-SCALED-0169,Augmented Track 169,Computational Artist 80,Hip-Hop,0.84,0.82,0.31,Aggressive,Algorithmically matched via Euclidean distance in vector space.,Spotify API (Augmented)
TRK-SCALED-0170,Augmented Track 170,Computational Artist 175,Indie,0.42,0.65,0.16,Chill,Algorithmically matched via Euclidean distance in vector space.,Spotify API (Augmented)
TRK-SCALED-0171,Augmented Track 171,Computational Artist 85,Indie,0.41,0.4,0.48,Moody,Algorithmically matched via Euclidean distance in vector space.,Spotify API (Augmented)
TRK-SCALED-0172,Augmented Track 172,Computational Artist 126,Jazz,0.21,0.47,0.42,Smooth,Algorithmically matched via Euclidean distance in vector space.,Spotify API (Augmented)
TRK-SCALED-0173,Augmented Track 173,Computational Artist 155,Jazz,0.52,0.31,0.26,Moody,Algorithmically matched via Euclidean distance in vector space.,Spotify API (Augmented)
TRK-SCALED-0174,Augmented Track 174,Computational Artist 71,Hip-Hop,0.84,0.86,0.41,Moody,Algorithmically matched via Euclidean distance in vector space.,Spotify API (Augmented)
TRK-SCALED-0175,Augmented Track 175,Computational Artist 16,Hip-Hop,0.83,0.84,0.5,Aggressive,Algorithmically matched via Euclidean distance in vector space.,Spotify API (Augmented)
TRK-SCALED-0176,Augmented Track 176,Computational Artist 192,Hip-Hop,0.62,0.88,0.52,Smooth,Algorithmically matched via Euclidean distance in vector space.,Spotify API (Augmented)
TRK-SCALED-0177,Augmented Track 177,Computational Artist 94,Jazz,0.54,0.49,0.16,High Energy,Algorithmically matched via Euclidean distance in vector space.,Spotify API (Augmented)
TRK-SCALED-0178,Augmented Track 178,Computational Artist 66,R&B,0.28,0.6,0.31,Smooth,Algorithmically matched via Euclidean distance in vector space.,Spotify API (Augmented)
TRK-SCALED-0179,Augmented Track 179,Computational Artist 177,EDM,0.43,0.59,0.47,Smooth,Algorithmically matched via Euclidean distance in vector space.,Spotify API (Augmented)
TRK-SCALED-0180,Augmented Track 180,Computational Artist 96,R&B,0.23,0.5,0.58,High Energy,Algorithmically matched via Euclidean distance in vector space.,Spotify API (Augmented)
TRK-SCALED-0181,Augmented Track 181,Computational Artist 3,Hip-Hop,0.74,0.78,0.51,Dreamy,Algorithmically matched via Euclidean distance in vector space.,Spotify API (Augmented)
TRK-SCALED-0182,Augmented Track 182,Computational Artist 96,Pop,0.83,0.84,0.84,Chill,Algorithmically matched via Euclidean distance in vector space.,Spotify API (Augmented)
TRK-SCALED-0183,Augmented Track 183,Computational Artist 5,R&B,0.33,0.44,0.36,Smooth,Algorithmically matched via Euclidean distance in vector space.,Spotify API (Augmented)
TRK-SCALED-0184,Augmented Track 184,Computational Artist 107,EDM,0.29,0.43,0.15,Anthemic,Algorithmically matched via Euclidean distance in vector space.,Spotify API (Augmented)
TRK-SCALED-0185,Augmented Track 185,Computational Artist 110,Pop,0.57,0.61,0.61,Dreamy,Algorithmically matched via Euclidean distance in vector space.,Spotify API (Augmented)
TRK-SCALED-0186,Augmented Track 186,Computational Artist 196,Pop,0.51,0.69,0.67,High Energy,Algorithmically matched via Euclidean distance in vector space.,Spotify API (Augmented)
TRK-SCALED-0187,Augmented Track 187,Computational Artist 110,Hip-Hop,0.89,0.73,0.42,High Energy,Algorithmically matched via Euclidean distance in vector space.,Spotify API (Augmented)
TRK-SCALED-0188,Augmented Track 188,Computational Artist 44,Pop,0.79,0.76,0.77,Dreamy,Algorithmically matched via Euclidean distance in vector space.,Spotify API (Augmented)
TRK-SCALED-0189,Augmented Track 189,Computational Artist 191,Folk,0.52,0.36,0.5,Anthemic,Algorithmically matched via Euclidean distance in vector space.,Spotify API (Augmented)
TRK-SCALED-0190,Augmented Track 190,Computational Artist 134,Folk,0.24,0.46,0.28,Smooth,Algorithmically matched via Euclidean distance in vector space.,Spotify API (Augmented)
TRK-SCALED-0191,Augmented Track 191,Computational Artist 127,EDM,0.47,0.56,0.32,Smooth,Algorithmically matched via Euclidean distance in vector space.,Spotify API (Augmented)
TRK-SCALED-0192,Augmented Track 192,Computational Artist 7,Hip-Hop,0.9,0.7,0.31,Chill,Algorithmically matched via Euclidean distance in vector space.,Spotify API (Augmented)
TRK-SCALED-0193,Augmented Track 193,Computational Artist 48,R&B,0.5,0.33,0.34,High Energy,Algorithmically matched via Euclidean distance in vector space.,Spotify API (Augmented)
TRK-SCALED-0194,Augmented Track 194,Computational Artist 68,R&B,0.52,0.46,0.35,High Energy,Algorithmically matched via Euclidean distance in vector space.,Spotify API (Augmented)
TRK-SCALED-0195,Augmented Track 195,Computational Artist 150,Pop,0.75,0.73,0.75,Dreamy,Algorithmically matched via Euclidean distance in vector space.,Spotify API (Augmented)
TRK-SCALED-0196,Augmented Track 196,Computational Artist 120,Pop,0.8,0.6,0.56,Anthemic,Algorithmically matched via Euclidean distance in vector space.,Spotify API (Augmented)
TRK-SCALED-0197,Augmented Track 197,Computational Artist 103,Hip-Hop,0.61,0.74,0.56,Anthemic,Algorithmically matched via Euclidean distance in vector space.,Spotify API (Augmented)
TRK-SCALED-0198,Augmented Track 198,Computational Artist 45,Pop,0.59,0.65,0.53,Moody,Algorithmically matched via Euclidean distance in vector space.,Spotify API (Augmented)
TRK-SCALED-0199,Augmented Track 199,Computational Artist 79,Indie,0.42,0.39,0.44,Dreamy,Algorithmically matched via Euclidean distance in vector space.,Spotify API (Augmented)
TRK-SCALED-0200,Augmented Track 200,Computational Artist 172,EDM,0.39,0.53,0.24,Anthemic,Algorithmically matched via Euclidean distance in vector space.,Spotify API (Augmented)
TRK-SCALED-0201,Augmented Track 201,Computational Artist 165,Jazz,0.46,0.68,0.13,Smooth,Algorithmically matched via Euclidean distance in vector space.,Spotify API (Augmented)
TRK-SCALED-0202,Augmented Track 202,Computational Artist 137,Indie,0.46,0.65,0.24,Chill,Algorithmically matched via Euclidean distance in vector space.,Spotify API (Augmented)
TRK-SCALED-0203,Augmented Track 203,Computational Artist 182,Hip-Hop,0.93,0.71,0.52,Chill,Algorithmically matched via Euclidean distance in vector space.,Spotify API (Augmented)
TRK-SCALED-0204,Augmented Track 204,Computational Artist 120,Indie,0.54,0.4,0.46,High Energy,Algorithmically matched via Euclidean distance in vector space.,Spotify API (Augmented)
TRK-SCALED-0205,Augmented Track 205,Computational Artist 29,Folk,0.23,0.44,0.27,Aggressive,Algorithmically matched via Euclidean distance in vector space.,Spotify API (Augmented)
TRK-SCALED-0206,Augmented Track 206,Computational Artist 95,Folk,0.23,0.48,0.49,Moody,Algorithmically matched via Euclidean distance in vector space.,Spotify API (Augmented)
TRK-SCALED-0207,Augmented Track 207,Computational Artist 129,EDM,0.6,0.41,0.31,Chill,Algorithmically matched via Euclidean distance in vector space.,Spotify API (Augmented)
TRK-SCALED-0208,Augmented Track 208,Computational Artist 129,Pop,0.6,0.67,0.71,Smooth,Algorithmically matched via Euclidean distance in vector space.,Spotify API (Augmented)
TRK-SCALED-0209,Augmented Track 209,Computational Artist 9,EDM,0.22,0.38,0.53,Aggressive,Algorithmically matched via Euclidean distance in vector space.,Spotify API (Augmented)
TRK-SCALED-0210,Augmented Track 210,Computational Artist 45,R&B,0.68,0.58,0.54,Moody,Algorithmically matched via Euclidean distance in vector space.,Spotify API (Augmented)
TRK-SCALED-0211,Augmented Track 211,Computational Artist 78,Folk,0.34,0.55,0.24,Dreamy,Algorithmically matched via Euclidean distance in vector space.,Spotify API (Augmented)
TRK-SCALED-0212,Augmented Track 212,Computational Artist 61,Pop,0.8,0.64,0.84,Chill,Algorithmically matched via Euclidean distance in vector space.,Spotify API (Augmented)
TRK-SCALED-0213,Augmented Track 213,Computational Artist 22,R&B,0.7,0.47,0.53,Anthemic,Algorithmically matched via Euclidean distance in vector space.,Spotify API (Augmented)
TRK-SCALED-0214,Augmented Track 214,Computational Artist 145,Pop,0.82,0.64,0.65,Anthemic,Algorithmically matched via Euclidean distance in vector space.,Spotify API (Augmented)
TRK-SCALED-0215,Augmented Track 215,Computational Artist 125,Indie,0.68,0.31,0.44,High Energy,Algorithmically matched via Euclidean distance in vector space.,Spotify API (Augmented)
TRK-SCALED-0216,Augmented Track 216,Computational Artist 33,Indie,0.61,0.32,0.35,Chill,Algorithmically matched via Euclidean distance in vector space.,Spotify API (Augmented)
TRK-SCALED-0217,Augmented Track 217,Computational Artist 187,Indie,0.64,0.36,0.15,Smooth,Algorithmically matched via Euclidean distance in vector space.,Spotify API (Augmented)
TRK-SCALED-0218,Augmented Track 218,Computational Artist 37,Pop,0.67,0.82,0.87,High Energy,Algorithmically matched via Euclidean distance in vector space.,Spotify API (Augmented)
TRK-SCALED-0219,Augmented Track 219,Computational Artist 127,Indie,0.24,0.48,0.1,Dreamy,Algorithmically matched via Euclidean distance in vector space.,Spotify API (Augmented)
TRK-SCALED-0220,Augmented Track 220,Computational Artist 135,Folk,0.57,0.46,0.28,Smooth,Algorithmically matched via Euclidean distance in vector space.,Spotify API (Augmented)
TRK-SCALED-0221,Augmented Track 221,Computational Artist 130,Pop,0.73,0.75,0.7,Moody,Algorithmically matched via Euclidean distance in vector space.,Spotify API (Augmented)
TRK-SCALED-0222,Augmented Track 222,Computational Artist 30,Jazz,0.58,0.57,0.18,Chill,Algorithmically matched via Euclidean distance in vector space.,Spotify API (Augmented)
TRK-SCALED-0223,Augmented Track 223,Computational Artist 80,Jazz,0.48,0.59,0.43,Moody,Algorithmically matched via Euclidean distance in vector space.,Spotify API (Augmented)
TRK-SCALED-0224,Augmented Track 224,Computational Artist 193,R&B,0.25,0.38,0.24,Chill,Algorithmically matched via Euclidean distance in vector space.,Spotify API (Augmented)
TRK-SCALED-0225,Augmented Track 225,Computational Artist 104,R&B,0.47,0.58,0.17,Aggressive,Algorithmically matched via Euclidean distance in vector space.,Spotify API (Augmented)
TRK-SCALED-0226,Augmented Track 226,Computational Artist 54,Pop,0.72,0.71,0.89,Anthemic,Algorithmically matched via Euclidean distance in vector space.,Spotify API (Augmented)
TRK-SCALED-0227,Augmented Track 227,Computational Artist 8,Indie,0.58,0.42,0.25,Smooth,Algorithmically matched via Euclidean distance in vector space.,Spotify API (Augmented)
TRK-SCALED-0228,Augmented Track 228,Computational Artist 17,R&B,0.51,0.38,0.55,Chill,Algorithmically matched via Euclidean distance in vector space.,Spotify API (Augmented)
TRK-SCALED-0229,Augmented Track 229,Computational Artist 112,Hip-Hop,0.77,0.89,0.34,Chill,Algorithmically matched via Euclidean distance in vector space.,Spotify API (Augmented)
TRK-SCALED-0230,Augmented Track 230,Computational Artist 172,R&B,0.58,0.35,0.58,Chill,Algorithmically matched via Euclidean distance in vector space.,Spotify API (Augmented)
TRK-SCALED-0231,Augmented Track 231,Computational Artist 148,Hip-Hop,0.93,0.71,0.39,Chill,Algorithmically matched via Euclidean distance in vector space.,Spotify API (Augmented)
TRK-SCALED-0232,Augmented Track 232,Computational Artist 111,Hip-Hop,0.78,0.76,0.58,Anthemic,Algorithmically matched via Euclidean distance in vector space.,Spotify API (Augmented)
TRK-SCALED-0233,Augmented Track 233,Computational Artist 80,Hip-Hop,0.86,0.71,0.59,Moody,Algorithmically matched via Euclidean distance in vector space.,Spotify API (Augmented)
TRK-SCALED-0234,Augmented Track 234,Computational Artist 151,Jazz,0.25,0.69,0.43,Smooth,Algorithmically matched via Euclidean distance in vector space.,Spotify API (Augmented)
TRK-SCALED-0235,Augmented Track 235,Computational Artist 161,Hip-Hop,0.7,0.77,0.33,High Energy,Algorithmically matched via Euclidean distance in vector space.,Spotify API (Augmented)
TRK-SCALED-0236,Augmented Track 236,Computational Artist 44,R&B,0.33,0.48,0.42,Anthemic,Algorithmically matched via Euclidean distance in vector space.,Spotify API (Augmented)
TRK-SCALED-0237,Augmented Track 237,Computational Artist 165,Folk,0.47,0.55,0.38,Smooth,Algorithmically matched via Euclidean distance in vector space.,Spotify API (Augmented)
TRK-SCALED-0238,Augmented Track 238,Computational Artist 143,Folk,0.2,0.6,0.3,Aggressive,Algorithmically matched via Euclidean distance in vector space.,Spotify API (Augmented)
TRK-SCALED-0239,Augmented Track 239,Computational Artist 44,EDM,0.53,0.59,0.26,Dreamy,Algorithmically matched via Euclidean distance in vector space.,Spotify API (Augmented)
TRK-SCALED-0240,Augmented Track 240,Computational Artist 22,Jazz,0.25,0.68,0.4,Dreamy,Algorithmically matched via Euclidean distance in vector space.,Spotify API (Augmented)
TRK-SCALED-0241,Augmented Track 241,Computational Artist 71,Pop,0.57,0.79,0.59,Aggressive,Algorithmically matched via Euclidean distance in vector space.,Spotify API (Augmented)
TRK-SCALED-0242,Augmented Track 242,Computational Artist 99,Pop,0.6,0.83,0.76,Chill,Algorithmically matched via Euclidean distance in vector space.,Spotify API (Augmented)
TRK-SCALED-0243,Augmented Track 243,Computational Artist 134,Folk,0.61,0.42,0.57,High Energy,Algorithmically matched via Euclidean distance in vector space.,Spotify API (Augmented)
TRK-SCALED-0244,Augmented Track 244,Computational Artist 152,Indie,0.69,0.46,0.38,Anthemic,Algorithmically matched via Euclidean distance in vector space.,Spotify API (Augmented)
TRK-SCALED-0245,Augmented Track 245,Computational Artist 161,Indie,0.28,0.37,0.21,Anthemic,Algorithmically matched via Euclidean distance in vector space.,Spotify API (Augmented)
TRK-SCALED-0246,Augmented Track 246,Computational Artist 27,Indie,0.49,0.38,0.39,High Energy,Algorithmically matched via Euclidean distance in vector space.,Spotify API (Augmented)
TRK-SCALED-0247,Augmented Track 247,Computational Artist 70,Folk,0.37,0.51,0.14,Smooth,Algorithmically matched via Euclidean distance in vector space.,Spotify API (Augmented)
TRK-SCALED-0248,Augmented Track 248,Computational Artist 54,R&B,0.61,0.58,0.19,Moody,Algorithmically matched via Euclidean distance in vector space.,Spotify API (Augmented)
TRK-SCALED-0249,Augmented Track 249,Computational Artist 33,R&B,0.54,0.68,0.27,Smooth,Algorithmically matched via Euclidean distance in vector space.,Spotify API (Augmented)
TRK-SCALED-0250,Augmented Track 250,Computational Artist 151,EDM,0.69,0.34,0.21,Smooth,Algorithmically matched via Euclidean distance in vector space.,Spotify API (Augmented)
TRK-SCALED-0251,Augmented Track 251,Computational Artist 102,Folk,0.66,0.32,0.34,Moody,Algorithmically matched via Euclidean distance in vector space.,Spotify API (Augmented)
TRK-SCALED-0252,Augmented Track 252,Computational Artist 177,R&B,0.21,0.31,0.16,High Energy,Algorithmically matched via Euclidean distance in vector space.,Spotify API (Augmented)
TRK-SCALED-0253,Augmented Track 253,Computational Artist 7,R&B,0.23,0.52,0.45,Smooth,Algorithmically matched via Euclidean distance in vector space.,Spotify API (Augmented)
TRK-SCALED-0254,Augmented Track 254,Computational Artist 87,Pop,0.81,0.66,0.64,Anthemic,Algorithmically matched via Euclidean distance in vector space.,Spotify API (Augmented)
TRK-SCALED-0255,Augmented Track 255,Computational Artist 24,EDM,0.64,0.52,0.23,Aggressive,Algorithmically matched via Euclidean distance in vector space.,Spotify API (Augmented)
TRK-SCALED-0256,Augmented Track 256,Computational Artist 168,Indie,0.38,0.37,0.51,High Energy,Algorithmically matched via Euclidean distance in vector space.,Spotify API (Augmented)
TRK-SCALED-0257,Augmented Track 257,Computational Artist 7,R&B,0.53,0.43,0.51,Moody,Algorithmically matched via Euclidean distance in vector space.,Spotify API (Augmented)
TRK-SCALED-0258,Augmented Track 258,Computational Artist 162,Hip-Hop,0.85,0.83,0.31,Moody,Algorithmically matched via Euclidean distance in vector space.,Spotify API (Augmented)
TRK-SCALED-0259,Augmented Track 259,Computational Artist 186,Pop,0.65,0.65,0.8,Chill,Algorithmically matched via Euclidean distance in vector space.,Spotify API (Augmented)
TRK-SCALED-0260,Augmented Track 260,Computational Artist 11,EDM,0.46,0.48,0.34,Dreamy,Algorithmically matched via Euclidean distance in vector space.,Spotify API (Augmented)
TRK-SCALED-0261,Augmented Track 261,Computational Artist 67,Indie,0.58,0.53,0.45,Aggressive,Algorithmically matched via Euclidean distance in vector space.,Spotify API (Augmented)
TRK-SCALED-0262,Augmented Track 262,Computational Artist 122,R&B,0.35,0.65,0.18,Dreamy,Algorithmically matched via Euclidean distance in vector space.,Spotify API (Augmented)
TRK-SCALED-0263,Augmented Track 263,Computational Artist 160,Pop,0.82,0.75,0.55,Dreamy,Algorithmically matched via Euclidean distance in vector space.,Spotify API (Augmented)
TRK-SCALED-0264,Augmented Track 264,Computational Artist 178,Folk,0.4,0.38,0.26,Moody,Algorithmically matched via Euclidean distance in vector space.,Spotify API (Augmented)
TRK-SCALED-0265,Augmented Track 265,Computational Artist 110,Jazz,0.27,0.4,0.45,Chill,Algorithmically matched via Euclidean distance in vector space.,Spotify API (Augmented)
TRK-SCALED-0266,Augmented Track 266,Computational Artist 35,Jazz,0.29,0.53,0.12,Dreamy,Algorithmically matched via Euclidean distance in vector space.,Spotify API (Augmented)
TRK-SCALED-0267,Augmented Track 267,Computational Artist 162,Folk,0.52,0.51,0.49,Smooth,Algorithmically matched via Euclidean distance in vector space.,Spotify API (Augmented)
TRK-SCALED-0268,Augmented Track 268,Computational Artist 41,R&B,0.54,0.49,0.43,Smooth,Algorithmically matched via Euclidean distance in vector space.,Spotify API (Augmented)
TRK-SCALED-0269,Augmented Track 269,Computational Artist 131,R&B,0.54,0.41,0.2,Smooth,Algorithmically matched via Euclidean distance in vector space.,Spotify API (Augmented)
TRK-SCALED-0270,Augmented Track 270,Computational Artist 131,EDM,0.3,0.67,0.27,Anthemic,Algorithmically matched via Euclidean distance in vector space.,Spotify API (Augmented)
TRK-SCALED-0271,Augmented Track 271,Computational Artist 144,Folk,0.38,0.66,0.39,Smooth,Algorithmically matched via Euclidean distance in vector space.,Spotify API (Augmented)
TRK-SCALED-0272,Augmented Track 272,Computational Artist 71,EDM,0.67,0.41,0.57,Anthemic,Algorithmically matched via Euclidean distance in vector space.,Spotify API (Augmented)
TRK-SCALED-0273,Augmented Track 273,Computational Artist 95,Indie,0.21,0.47,0.37,Smooth,Algorithmically matched via Euclidean distance in vector space.,Spotify API (Augmented)
TRK-SCALED-0274,Augmented Track 274,Computational Artist 112,EDM,0.41,0.45,0.55,Chill,Algorithmically matched via Euclidean distance in vector space.,Spotify API (Augmented)
TRK-SCALED-0275,Augmented Track 275,Computational Artist 22,Hip-Hop,0.8,0.86,0.41,Dreamy,Algorithmically matched via Euclidean distance in vector space.,Spotify API (Augmented)
TRK-SCALED-0276,Augmented Track 276,Computational Artist 137,R&B,0.29,0.59,0.51,Anthemic,Algorithmically matched via Euclidean distance in vector space.,Spotify API (Augmented)
TRK-SCALED-0277,Augmented Track 277,Computational Artist 115,Hip-Hop,0.95,0.89,0.42,Aggressive,Algorithmically matched via Euclidean distance in vector space.,Spotify API (Augmented)
TRK-SCALED-0278,Augmented Track 278,Computational Artist 63,Folk,0.3,0.38,0.53,Moody,Algorithmically matched via Euclidean distance in vector space.,Spotify API (Augmented)
TRK-SCALED-0279,Augmented Track 279,Computational Artist 106,Hip-Hop,0.88,0.75,0.44,Moody,Algorithmically matched via Euclidean distance in vector space.,Spotify API (Augmented)
TRK-SCALED-0280,Augmented Track 280,Computational Artist 64,Jazz,0.23,0.55,0.54,High Energy,Algorithmically matched via Euclidean distance in vector space.,Spotify API (Augmented)
TRK-SCALED-0281,Augmented Track 281,Computational Artist 179,EDM,0.42,0.47,0.1,Chill,Algorithmically matched via Euclidean distance in vector space.,Spotify API (Augmented)
TRK-SCALED-0282,Augmented Track 282,Computational Artist 3,Folk,0.46,0.65,0.52,Moody,Algorithmically matched via Euclidean distance in vector space.,Spotify API (Augmented)
TRK-SCALED-0283,Augmented Track 283,Computational Artist 120,Hip-Hop,0.67,0.8,0.46,High Energy,Algorithmically matched via Euclidean distance in vector space.,Spotify API (Augmented)
TRK-SCALED-0284,Augmented Track 284,Computational Artist 121,Folk,0.35,0.36,0.18,Chill,Algorithmically matched via Euclidean distance in vector space.,Spotify API (Augmented)
TRK-SCALED-0285,Augmented Track 285,Computational Artist 70,Indie,0.2,0.65,0.2,Anthemic,Algorithmically matched via Euclidean distance in vector space.,Spotify API (Augmented)
TRK-SCALED-0286,Augmented Track 286,Computational Artist 156,Hip-Hop,0.75,0.72,0.46,High Energy,Algorithmically matched via Euclidean distance in vector space.,Spotify API (Augmented)
TRK-SCALED-0287,Augmented Track 287,Computational Artist 37,EDM,0.48,0.57,0.43,Anthemic,Algorithmically matched via Euclidean distance in vector space.,Spotify API (Augmented)
TRK-SCALED-0288,Augmented Track 288,Computational Artist 25,EDM,0.22,0.4,0.39,Smooth,Algorithmically matched via Euclidean distance in vector space.,Spotify API (Augmented)
TRK-SCALED-0289,Augmented Track 289,Computational Artist 34,EDM,0.34,0.55,0.36,Dreamy,Algorithmically matched via Euclidean distance in vector space.,Spotify API (Augmented)
TRK-SCALED-0290,Augmented Track 290,Computational Artist 74,Pop,0.6,0.73,0.81,Anthemic,Algorithmically matched via Euclidean distance in vector space.,Spotify API (Augmented)
TRK-SCALED-0291,Augmented Track 291,Computational Artist 15,Indie,0.27,0.56,0.39,Smooth,Algorithmically matched via Euclidean distance in vector space.,Spotify API (Augmented)
TRK-SCALED-0292,Augmented Track 292,Computational Artist 48,EDM,0.48,0.38,0.41,Dreamy,Algorithmically matched via Euclidean distance in vector space.,Spotify API (Augmented)
TRK-SCALED-0293,Augmented Track 293,Computational Artist 38,Indie,0.54,0.49,0.6,Anthemic,Algorithmically matched via Euclidean distance in vector space.,Spotify API (Augmented)
TRK-SCALED-0294,Augmented Track 294,Computational Artist 173,Indie,0.38,0.65,0.51,Moody,Algorithmically matched via Euclidean distance in vector space.,Spotify API (Augmented)
TRK-SCALED-0295,Augmented Track 295,Computational Artist 25,Pop,0.77,0.85,0.74,Chill,Algorithmically matched via Euclidean distance in vector space.,Spotify API (Augmented)
TRK-SCALED-0296,Augmented Track 296,Computational Artist 180,R&B,0.45,0.56,0.14,Moody,Algorithmically matched via Euclidean distance in vector space.,Spotify API (Augmented)
TRK-SCALED-0297,Augmented Track 297,Computational Artist 154,Indie,0.36,0.64,0.18,Smooth,Algorithmically matched via Euclidean distance in vector space.,Spotify API (Augmented)
TRK-SCALED-0298,Augmented Track 298,Computational Artist 9,Indie,0.39,0.69,0.52,Moody,Algorithmically matched via Euclidean distance in vector space.,Spotify API (Augmented)
TRK-SCALED-0299,Augmented Track 299,Computational Artist 91,Hip-Hop,0.76,0.76,0.35,Anthemic,Algorithmically matched via Euclidean distance in vector space.,Spotify API (Augmented)
TRK-SCALED-0300,Augmented Track 300,Computational Artist 58,Indie,0.48,0.48,0.46,Moody,Algorithmically matched via Euclidean distance in vector space.,Spotify API (Augmented)
TRK-SCALED-0301,Augmented Track 301,Computational Artist 142,R&B,0.51,0.34,0.41,Chill,Algorithmically matched via Euclidean distance in vector space.,Spotify API (Augmented)
TRK-SCALED-0302,Augmented Track 302,Computational Artist 54,Jazz,0.45,0.62,0.27,Smooth,Algorithmically matched via Euclidean distance in vector space.,Spotify API (Augmented)
TRK-SCALED-0303,Augmented Track 303,Computational Artist 180,EDM,0.44,0.43,0.5,Dreamy,Algorithmically matched via Euclidean distance in vector space.,Spotify API (Augmented)
TRK-SCALED-0304,Augmented Track 304,Computational Artist 77,Pop,0.76,0.66,0.66,Aggressive,Algorithmically matched via Euclidean distance in vector space.,Spotify API (Augmented)
TRK-SCALED-0305,Augmented Track 305,Computational Artist 123,Hip-Hop,0.7,0.72,0.36,Anthemic,Algorithmically matched via Euclidean distance in vector space.,Spotify API (Augmented)
TRK-SCALED-0306,Augmented Track 306,Computational Artist 167,Pop,0.65,0.63,0.75,High Energy,Algorithmically matched via Euclidean distance in vector space.,Spotify API (Augmented)
TRK-SCALED-0307,Augmented Track 307,Computational Artist 198,Indie,0.22,0.6,0.45,Moody,Algorithmically matched via Euclidean distance in vector space.,Spotify API (Augmented)
TRK-SCALED-0308,Augmented Track 308,Computational Artist 154,R&B,0.56,0.33,0.32,High Energy,Algorithmically matched via Euclidean distance in vector space.,Spotify API (Augmented)
TRK-SCALED-0309,Augmented Track 309,Computational Artist 47,Jazz,0.21,0.52,0.1,Chill,Algorithmically matched via Euclidean distance in vector space.,Spotify API (Augmented)
TRK-SCALED-0310,Augmented Track 310,Computational Artist 119,Jazz,0.22,0.39,0.32,Chill,Algorithmically matched via Euclidean distance in vector space.,Spotify API (Augmented)
TRK-SCALED-0311,Augmented Track 311,Computational Artist 20,R&B,0.6,0.69,0.48,Anthemic,Algorithmically matched via Euclidean distance in vector space.,Spotify API (Augmented)
TRK-SCALED-0312,Augmented Track 312,Computational Artist 101,Folk,0.43,0.64,0.42,Smooth,Algorithmically matched via Euclidean distance in vector space.,Spotify API (Augmented)
TRK-SCALED-0313,Augmented Track 313,Computational Artist 63,EDM,0.22,0.38,0.14,High Energy,Algorithmically matched via Euclidean distance in vector space.,Spotify API (Augmented)
TRK-SCALED-0314,Augmented Track 314,Computational Artist 74,Folk,0.25,0.33,0.41,Dreamy,Algorithmically matched via Euclidean distance in vector space.,Spotify API (Augmented)
TRK-SCALED-0315,Augmented Track 315,Computational Artist 194,EDM,0.48,0.64,0.19,High Energy,Algorithmically matched via Euclidean distance in vector space.,Spotify API (Augmented)
TRK-SCALED-0316,Augmented Track 316,Computational Artist 192,Jazz,0.22,0.69,0.49,Smooth,Algorithmically matched via Euclidean distance in vector space.,Spotify API (Augmented)
TRK-SCALED-0317,Augmented Track 317,Computational Artist 23,R&B,0.41,0.47,0.38,Anthemic,Algorithmically matched via Euclidean distance in vector space.,Spotify API (Augmented)
TRK-SCALED-0318,Augmented Track 318,Computational Artist 156,Folk,0.63,0.54,0.16,Chill,Algorithmically matched via Euclidean distance in vector space.,Spotify API (Augmented)
TRK-SCALED-0319,Augmented Track 319,Computational Artist 121,Hip-Hop,0.64,0.83,0.32,Moody,Algorithmically matched via Euclidean distance in vector space.,Spotify API (Augmented)
TRK-SCALED-0320,Augmented Track 320,Computational Artist 98,Hip-Hop,0.76,0.75,0.41,High Energy,Algorithmically matched via Euclidean distance in vector space.,Spotify API (Augmented)
TRK-SCALED-0321,Augmented Track 321,Computational Artist 197,EDM,0.55,0.5,0.46,High Energy,Algorithmically matched via Euclidean distance in vector space.,Spotify API (Augmented)
TRK-SCALED-0322,Augmented Track 322,Computational Artist 91,Pop,0.71,0.64,0.73,Anthemic,Algorithmically matched via Euclidean distance in vector space.,Spotify API (Augmented)
TRK-SCALED-0323,Augmented Track 323,Computational Artist 76,Jazz,0.22,0.48,0.53,Dreamy,Algorithmically matched via Euclidean distance in vector space.,Spotify API (Augmented)
TRK-SCALED-0324,Augmented Track 324,Computational Artist 30,Indie,0.35,0.47,0.56,High Energy,Algorithmically matched via Euclidean distance in vector space.,Spotify API (Augmented)
TRK-SCALED-0325,Augmented Track 325,Computational Artist 158,Jazz,0.52,0.4,0.35,Smooth,Algorithmically matched via Euclidean distance in vector space.,Spotify API (Augmented)
TRK-SCALED-0326,Augmented Track 326,Computational Artist 121,Hip-Hop,0.8,0.8,0.44,Anthemic,Algorithmically matched via Euclidean distance in vector space.,Spotify API (Augmented)
TRK-SCALED-0327,Augmented Track 327,Computational Artist 84,Pop,0.82,0.78,0.64,Smooth,Algorithmically matched via Euclidean distance in vector space.,Spotify API (Augmented)
TRK-SCALED-0328,Augmented Track 328,Computational Artist 142,Folk,0.63,0.57,0.13,Anthemic,Algorithmically matched via Euclidean distance in vector space.,Spotify API (Augmented)
TRK-SCALED-0329,Augmented Track 329,Computational Artist 177,Pop,0.61,0.82,0.89,Dreamy,Algorithmically matched via Euclidean distance in vector space.,Spotify API (Augmented)
TRK-SCALED-0330,Augmented Track 330,Computational Artist 24,R&B,0.5,0.43,0.33,Smooth,Algorithmically matched via Euclidean distance in vector space.,Spotify API (Augmented)
TRK-SCALED-0331,Augmented Track 331,Computational Artist 21,Pop,0.81,0.68,0.61,Anthemic,Algorithmically matched via Euclidean distance in vector space.,Spotify API (Augmented)
TRK-SCALED-0332,Augmented Track 332,Computational Artist 103,EDM,0.2,0.53,0.27,Smooth,Algorithmically matched via Euclidean distance in vector space.,Spotify API (Augmented)
TRK-SCALED-0333,Augmented Track 333,Computational Artist 193,Folk,0.64,0.38,0.26,High Energy,Algorithmically matched via Euclidean distance in vector space.,Spotify API (Augmented)
TRK-SCALED-0334,Augmented Track 334,Computational Artist 37,R&B,0.51,0.65,0.47,Anthemic,Algorithmically matched via Euclidean distance in vector space.,Spotify API (Augmented)
TRK-SCALED-0335,Augmented Track 335,Computational Artist 42,R&B,0.22,0.38,0.44,Smooth,Algorithmically matched via Euclidean distance in vector space.,Spotify API (Augmented)
TRK-SCALED-0336,Augmented Track 336,Computational Artist 13,EDM,0.51,0.44,0.55,Aggressive,Algorithmically matched via Euclidean distance in vector space.,Spotify API (Augmented)
TRK-SCALED-0337,Augmented Track 337,Computational Artist 183,Indie,0.2,0.64,0.26,Aggressive,Algorithmically matched via Euclidean distance in vector space.,Spotify API (Augmented)
TRK-SCALED-0338,Augmented Track 338,Computational Artist 150,R&B,0.64,0.46,0.24,Chill,Algorithmically matched via Euclidean distance in vector space.,Spotify API (Augmented)
TRK-SCALED-0339,Augmented Track 339,Computational Artist 135,EDM,0.53,0.66,0.41,Moody,Algorithmically matched via Euclidean distance in vector space.,Spotify API (Augmented)
TRK-SCALED-0340,Augmented Track 340,Computational Artist 98,Hip-Hop,0.63,0.84,0.57,Dreamy,Algorithmically matched via Euclidean distance in vector space.,Spotify API (Augmented)
TRK-SCALED-0341,Augmented Track 341,Computational Artist 14,EDM,0.33,0.44,0.39,High Energy,Algorithmically matched via Euclidean distance in vector space.,Spotify API (Augmented)
TRK-SCALED-0342,Augmented Track 342,Computational Artist 177,Indie,0.5,0.58,0.13,Chill,Algorithmically matched via Euclidean distance in vector space.,Spotify API (Augmented)
TRK-SCALED-0343,Augmented Track 343,Computational Artist 96,Pop,0.58,0.69,0.89,Aggressive,Algorithmically matched via Euclidean distance in vector space.,Spotify API (Augmented)
TRK-SCALED-0344,Augmented Track 344,Computational Artist 197,Pop,0.82,0.84,0.8,Aggressive,Algorithmically matched via Euclidean distance in vector space.,Spotify API (Augmented)
TRK-SCALED-0345,Augmented Track 345,Computational Artist 61,EDM,0.47,0.37,0.48,Chill,Algorithmically matched via Euclidean distance in vector space.,Spotify API (Augmented)
TRK-SCALED-0346,Augmented Track 346,Computational Artist 198,Hip-Hop,0.81,0.73,0.44,Moody,Algorithmically matched via Euclidean distance in vector space.,Spotify API (Augmented)
TRK-SCALED-0347,Augmented Track 347,Computational Artist 32,Folk,0.5,0.57,0.47,Moody,Algorithmically matched via Euclidean distance in vector space.,Spotify API (Augmented)
TRK-SCALED-0348,Augmented Track 348,Computational Artist 188,Hip-Hop,0.63,0.89,0.54,High Energy,Algorithmically matched via Euclidean distance in vector space.,Spotify API (Augmented)
TRK-SCALED-0349,Augmented Track 349,Computational Artist 71,Hip-Hop,0.93,0.78,0.48,High Energy,Algorithmically matched via Euclidean distance in vector space.,Spotify API (Augmented)
TRK-SCALED-0350,Augmented Track 350,Computational Artist 34,Folk,0.36,0.61,0.18,Smooth,Algorithmically matched via Euclidean distance in vector space.,Spotify API (Augmented)
TRK-SCALED-0351,Augmented Track 351,Computational Artist 45,R&B,0.44,0.52,0.33,Smooth,Algorithmically matched via Euclidean distance in vector space.,Spotify API (Augmented)
TRK-SCALED-0352,Augmented Track 352,Computational Artist 99,Folk,0.3,0.62,0.29,High Energy,Algorithmically matched via Euclidean distance in vector space.,Spotify API (Augmented)
TRK-SCALED-0353,Augmented Track 353,Computational Artist 142,R&B,0.21,0.4,0.27,Aggressive,Algorithmically matched via Euclidean distance in vector space.,Spotify API (Augmented)
TRK-SCALED-0354,Augmented Track 354,Computational Artist 105,EDM,0.59,0.46,0.51,Smooth,Algorithmically matched via Euclidean distance in vector space.,Spotify API (Augmented)
TRK-SCALED-0355,Augmented Track 355,Computational Artist 128,Jazz,0.21,0.65,0.12,Aggressive,Algorithmically matched via Euclidean distance in vector space.,Spotify API (Augmented)
TRK-SCALED-0356,Augmented Track 356,Computational Artist 52,Pop,0.83,0.84,0.79,Anthemic,Algorithmically matched via Euclidean distance in vector space.,Spotify API (Augmented)
TRK-SCALED-0357,Augmented Track 357,Computational Artist 109,Indie,0.52,0.57,0.37,Smooth,Algorithmically matched via Euclidean distance in vector space.,Spotify API (Augmented)
TRK-SCALED-0358,Augmented Track 358,Computational Artist 165,EDM,0.23,0.42,0.12,Dreamy,Algorithmically matched via Euclidean distance in vector space.,Spotify API (Augmented)
TRK-SCALED-0359,Augmented Track 359,Computational Artist 38,Indie,0.23,0.59,0.58,Anthemic,Algorithmically matched via Euclidean distance in vector space.,Spotify API (Augmented)
TRK-SCALED-0360,Augmented Track 360,Computational Artist 190,Pop,0.52,0.83,0.74,Moody,Algorithmically matched via Euclidean distance in vector space.,Spotify API (Augmented)
TRK-SCALED-0361,Augmented Track 361,Computational Artist 199,Folk,0.33,0.35,0.44,Anthemic,Algorithmically matched via Euclidean distance in vector space.,Spotify API (Augmented)
TRK-SCALED-0362,Augmented Track 362,Computational Artist 198,Pop,0.7,0.68,0.66,Smooth,Algorithmically matched via Euclidean distance in vector space.,Spotify API (Augmented)
TRK-SCALED-0363,Augmented Track 363,Computational Artist 185,R&B,0.5,0.48,0.5,Dreamy,Algorithmically matched via Euclidean distance in vector space.,Spotify API (Augmented)
TRK-SCALED-0364,Augmented Track 364,Computational Artist 105,Pop,0.67,0.67,0.82,Smooth,Algorithmically matched via Euclidean distance in vector space.,Spotify API (Augmented)
TRK-SCALED-0365,Augmented Track 365,Computational Artist 103,Jazz,0.26,0.5,0.37,Moody,Algorithmically matched via Euclidean distance in vector space.,Spotify API (Augmented)
TRK-SCALED-0366,Augmented Track 366,Computational Artist 149,Indie,0.24,0.7,0.11,High Energy,Algorithmically matched via Euclidean distance in vector space.,Spotify API (Augmented)
TRK-SCALED-0367,Augmented Track 367,Computational Artist 102,Pop,0.74,0.73,0.61,High Energy,Algorithmically matched via Euclidean distance in vector space.,Spotify API (Augmented)
TRK-SCALED-0368,Augmented Track 368,Computational Artist 165,Folk,0.32,0.37,0.58,Dreamy,Algorithmically matched via Euclidean distance in vector space.,Spotify API (Augmented)
TRK-SCALED-0369,Augmented Track 369,Computational Artist 169,EDM,0.41,0.58,0.4,High Energy,Algorithmically matched via Euclidean distance in vector space.,Spotify API (Augmented)
TRK-SCALED-0370,Augmented Track 370,Computational Artist 144,Jazz,0.65,0.55,0.35,Aggressive,Algorithmically matched via Euclidean distance in vector space.,Spotify API (Augmented)
TRK-SCALED-0371,Augmented Track 371,Computational Artist 179,Hip-Hop,0.79,0.79,0.34,Smooth,Algorithmically matched via Euclidean distance in vector space.,Spotify API (Augmented)
TRK-SCALED-0372,Augmented Track 372,Computational Artist 145,Folk,0.29,0.39,0.54,Chill,Algorithmically matched via Euclidean distance in vector space.,Spotify API (Augmented)
TRK-SCALED-0373,Augmented Track 373,Computational Artist 19,Pop,0.53,0.71,0.68,Chill,Algorithmically matched via Euclidean distance in vector space.,Spotify API (Augmented)
TRK-SCALED-0374,Augmented Track 374,Computational Artist 167,Hip-Hop,0.71,0.81,0.48,Dreamy,Algorithmically matched via Euclidean distance in vector space.,Spotify API (Augmented)
TRK-SCALED-0375,Augmented Track 375,Computational Artist 107,Folk,0.38,0.6,0.3,Chill,Algorithmically matched via Euclidean distance in vector space.,Spotify API (Augmented)
TRK-SCALED-0376,Augmented Track 376,Computational Artist 170,Jazz,0.31,0.64,0.34,Chill,Algorithmically matched via Euclidean distance in vector space.,Spotify API (Augmented)
TRK-SCALED-0377,Augmented Track 377,Computational Artist 84,EDM,0.24,0.43,0.45,Moody,Algorithmically matched via Euclidean distance in vector space.,Spotify API (Augmented)
TRK-SCALED-0378,Augmented Track 378,Computational Artist 21,R&B,0.66,0.52,0.18,Dreamy,Algorithmically matched via Euclidean distance in vector space.,Spotify API (Augmented)
TRK-SCALED-0379,Augmented Track 379,Computational Artist 43,Indie,0.57,0.54,0.29,Moody,Algorithmically matched via Euclidean distance in vector space.,Spotify API (Augmented)
TRK-SCALED-0380,Augmented Track 380,Computational Artist 97,Folk,0.54,0.66,0.37,Smooth,Algorithmically matched via Euclidean distance in vector space.,Spotify API (Augmented)
TRK-SCALED-0381,Augmented Track 381,Computational Artist 107,Pop,0.7,0.81,0.81,Smooth,Algorithmically matched via Euclidean distance in vector space.,Spotify API (Augmented)
TRK-SCALED-0382,Augmented Track 382,Computational Artist 55,R&B,0.67,0.65,0.19,Aggressive,Algorithmically matched via Euclidean distance in vector space.,Spotify API (Augmented)
TRK-SCALED-0383,Augmented Track 383,Computational Artist 8,Pop,0.71,0.64,0.86,Anthemic,Algorithmically matched via Euclidean distance in vector space.,Spotify API (Augmented)
TRK-SCALED-0384,Augmented Track 384,Computational Artist 20,Folk,0.59,0.39,0.46,Anthemic,Algorithmically matched via Euclidean distance in vector space.,Spotify API (Augmented)
TRK-SCALED-0385,Augmented Track 385,Computational Artist 36,Jazz,0.29,0.52,0.27,Anthemic,Algorithmically matched via Euclidean distance in vector space.,Spotify API (Augmented)
TRK-SCALED-0386,Augmented Track 386,Computational Artist 105,Hip-Hop,0.74,0.88,0.45,Anthemic,Algorithmically matched via Euclidean distance in vector space.,Spotify API (Augmented)
TRK-SCALED-0387,Augmented Track 387,Computational Artist 57,Folk,0.52,0.33,0.19,Smooth,Algorithmically matched via Euclidean distance in vector space.,Spotify API (Augmented)
TRK-SCALED-0388,Augmented Track 388,Computational Artist 87,EDM,0.53,0.55,0.6,High Energy,Algorithmically matched via Euclidean distance in vector space.,Spotify API (Augmented)
TRK-SCALED-0389,Augmented Track 389,Computational Artist 153,Jazz,0.54,0.64,0.46,Smooth,Algorithmically matched via Euclidean distance in vector space.,Spotify API (Augmented)
TRK-SCALED-0390,Augmented Track 390,Computational Artist 19,Pop,0.75,0.66,0.73,Aggressive,Algorithmically matched via Euclidean distance in vector space.,Spotify API (Augmented)
TRK-SCALED-0391,Augmented Track 391,Computational Artist 184,Jazz,0.5,0.68,0.23,High Energy,Algorithmically matched via Euclidean distance in vector space.,Spotify API (Augmented)
TRK-SCALED-0392,Augmented Track 392,Computational Artist 113,EDM,0.7,0.32,0.13,Aggressive,Algorithmically matched via Euclidean distance in vector space.,Spotify API (Augmented)
TRK-SCALED-0393,Augmented Track 393,Computational Artist 68,Pop,0.85,0.63,0.55,Moody,Algorithmically matched via Euclidean distance in vector space.,Spotify API (Augmented)
TRK-SCALED-0394,Augmented Track 394,Computational Artist 163,Pop,0.52,0.66,0.81,Smooth,Algorithmically matched via Euclidean distance in vector space.,Spotify API (Augmented)
TRK-SCALED-0395,Augmented Track 395,Computational Artist 112,Jazz,0.54,0.65,0.55,Moody,Algorithmically matched via Euclidean distance in vector space.,Spotify API (Augmented)
TRK-SCALED-0396,Augmented Track 396,Computational Artist 152,Indie,0.47,0.66,0.44,Chill,Algorithmically matched via Euclidean distance in vector space.,Spotify API (Augmented)
TRK-SCALED-0397,Augmented Track 397,Computational Artist 137,Folk,0.47,0.43,0.22,Anthemic,Algorithmically matched via Euclidean distance in vector space.,Spotify API (Augmented)
TRK-SCALED-0398,Augmented Track 398,Computational Artist 76,Folk,0.65,0.35,0.47,Chill,Algorithmically matched via Euclidean distance in vector space.,Spotify API (Augmented)
TRK-SCALED-0399,Augmented Track 399,Computational Artist 63,R&B,0.26,0.44,0.23,Moody,Algorithmically matched via Euclidean distance in vector space.,Spotify API (Augmented)
TRK-SCALED-0400,Augmented Track 400,Computational Artist 185,EDM,0.58,0.31,0.34,High Energy,Algorithmically matched via Euclidean distance in vector space.,Spotify API (Augmented)
TRK-SCALED-0401,Augmented Track 401,Computational Artist 192,EDM,0.62,0.55,0.22,Smooth,Algorithmically matched via Euclidean distance in vector space.,Spotify API (Augmented)
TRK-SCALED-0402,Augmented Track 402,Computational Artist 122,Indie,0.42,0.42,0.17,Moody,Algorithmically matched via Euclidean distance in vector space.,Spotify API (Augmented)
TRK-SCALED-0403,Augmented Track 403,Computational Artist 121,EDM,0.43,0.55,0.39,Chill,Algorithmically matched via Euclidean distance in vector space.,Spotify API (Augmented)
TRK-SCALED-0404,Augmented Track 404,Computational Artist 6,EDM,0.49,0.46,0.47,Smooth,Algorithmically matched via Euclidean distance in vector space.,Spotify API (Augmented)
TRK-SCALED-0405,Augmented Track 405,Computational Artist 167,R&B,0.44,0.63,0.43,High Energy,Algorithmically matched via Euclidean distance in vector space.,Spotify API (Augmented)
TRK-SCALED-0406,Augmented Track 406,Computational Artist 114,EDM,0.67,0.35,0.21,Aggressive,Algorithmically matched via Euclidean distance in vector space.,Spotify API (Augmented)
TRK-SCALED-0407,Augmented Track 407,Computational Artist 62,Jazz,0.21,0.38,0.27,Anthemic,Algorithmically matched via Euclidean distance in vector space.,Spotify API (Augmented)
TRK-SCALED-0408,Augmented Track 408,Computational Artist 173,Hip-Hop,0.94,0.82,0.31,Moody,Algorithmically matched via Euclidean distance in vector space.,Spotify API (Augmented)
TRK-SCALED-0409,Augmented Track 409,Computational Artist 124,Hip-Hop,0.77,0.71,0.41,Smooth,Algorithmically matched via Euclidean distance in vector space.,Spotify API (Augmented)
TRK-SCALED-0410,Augmented Track 410,Computational Artist 132,Jazz,0.3,0.58,0.25,Anthemic,Algorithmically matched via Euclidean distance in vector space.,Spotify API (Augmented)
TRK-SCALED-0411,Augmented Track 411,Computational Artist 53,Hip-Hop,0.73,0.78,0.35,Moody,Algorithmically matched via Euclidean distance in vector space.,Spotify API (Augmented)
TRK-SCALED-0412,Augmented Track 412,Computational Artist 127,Hip-Hop,0.62,0.73,0.37,Chill,Algorithmically matched via Euclidean distance in vector space.,Spotify API (Augmented)
TRK-SCALED-0413,Augmented Track 413,Computational Artist 180,EDM,0.62,0.44,0.58,Dreamy,Algorithmically matched via Euclidean distance in vector space.,Spotify API (Augmented)
TRK-SCALED-0414,Augmented Track 414,Computational Artist 193,Folk,0.49,0.43,0.14,Smooth,Algorithmically matched via Euclidean distance in vector space.,Spotify API (Augmented)
TRK-SCALED-0415,Augmented Track 415,Computational Artist 35,Jazz,0.42,0.59,0.55,High Energy,Algorithmically matched via Euclidean distance in vector space.,Spotify API (Augmented)
TRK-SCALED-0416,Augmented Track 416,Computational Artist 154,EDM,0.3,0.54,0.39,High Energy,Algorithmically matched via Euclidean distance in vector space.,Spotify API (Augmented)
TRK-SCALED-0417,Augmented Track 417,Computational Artist 106,R&B,0.36,0.57,0.14,Dreamy,Algorithmically matched via Euclidean distance in vector space.,Spotify API (Augmented)
TRK-SCALED-0418,Augmented Track 418,Computational Artist 160,EDM,0.51,0.53,0.17,Dreamy,Algorithmically matched via Euclidean distance in vector space.,Spotify API (Augmented)
TRK-SCALED-0419,Augmented Track 419,Computational Artist 10,Indie,0.22,0.43,0.16,Smooth,Algorithmically matched via Euclidean distance in vector space.,Spotify API (Augmented)
TRK-SCALED-0420,Augmented Track 420,Computational Artist 76,Indie,0.41,0.58,0.26,Moody,Algorithmically matched via Euclidean distance in vector space.,Spotify API (Augmented)
TRK-SCALED-0421,Augmented Track 421,Computational Artist 174,Folk,0.51,0.68,0.54,Smooth,Algorithmically matched via Euclidean distance in vector space.,Spotify API (Augmented)
TRK-SCALED-0422,Augmented Track 422,Computational Artist 165,Hip-Hop,0.82,0.83,0.49,Dreamy,Algorithmically matched via Euclidean distance in vector space.,Spotify API (Augmented)
TRK-SCALED-0423,Augmented Track 423,Computational Artist 192,EDM,0.61,0.53,0.3,Dreamy,Algorithmically matched via Euclidean distance in vector space.,Spotify API (Augmented)
TRK-SCALED-0424,Augmented Track 424,Computational Artist 129,Pop,0.72,0.71,0.71,Moody,Algorithmically matched via Euclidean distance in vector space.,Spotify API (Augmented)
TRK-SCALED-0425,Augmented Track 425,Computational Artist 168,Hip-Hop,0.85,0.77,0.34,Dreamy,Algorithmically matched via Euclidean distance in vector space.,Spotify API (Augmented)
TRK-SCALED-0426,Augmented Track 426,Computational Artist 187,Indie,0.41,0.4,0.48,Aggressive,Algorithmically matched via Euclidean distance in vector space.,Spotify API (Augmented)
TRK-SCALED-0427,Augmented Track 427,Computational Artist 4,Indie,0.36,0.32,0.18,Aggressive,Algorithmically matched via Euclidean distance in vector space.,Spotify API (Augmented)
TRK-SCALED-0428,Augmented Track 428,Computational Artist 21,Folk,0.25,0.67,0.17,High Energy,Algorithmically matched via Euclidean distance in vector space.,Spotify API (Augmented)
TRK-SCALED-0429,Augmented Track 429,Computational Artist 130,Jazz,0.67,0.43,0.5,Chill,Algorithmically matched via Euclidean distance in vector space.,Spotify API (Augmented)
TRK-SCALED-0430,Augmented Track 430,Computational Artist 73,Pop,0.64,0.67,0.72,Chill,Algorithmically matched via Euclidean distance in vector space.,Spotify API (Augmented)
TRK-SCALED-0431,Augmented Track 431,Computational Artist 160,Indie,0.69,0.56,0.26,Dreamy,Algorithmically matched via Euclidean distance in vector space.,Spotify API (Augmented)
TRK-SCALED-0432,Augmented Track 432,Computational Artist 137,Pop,0.82,0.68,0.9,Aggressive,Algorithmically matched via Euclidean distance in vector space.,Spotify API (Augmented)
TRK-SCALED-0433,Augmented Track 433,Computational Artist 51,Folk,0.55,0.58,0.5,Moody,Algorithmically matched via Euclidean distance in vector space.,Spotify API (Augmented)
TRK-SCALED-0434,Augmented Track 434,Computational Artist 142,EDM,0.41,0.7,0.31,High Energy,Algorithmically matched via Euclidean distance in vector space.,Spotify API (Augmented)
TRK-SCALED-0435,Augmented Track 435,Computational Artist 37,EDM,0.55,0.63,0.58,Chill,Algorithmically matched via Euclidean distance in vector space.,Spotify API (Augmented)
TRK-SCALED-0436,Augmented Track 436,Computational Artist 32,R&B,0.49,0.62,0.23,Smooth,Algorithmically matched via Euclidean distance in vector space.,Spotify API (Augmented)
TRK-SCALED-0437,Augmented Track 437,Computational Artist 7,Hip-Hop,0.76,0.82,0.54,High Energy,Algorithmically matched via Euclidean distance in vector space.,Spotify API (Augmented)
TRK-SCALED-0438,Augmented Track 438,Computational Artist 7,Pop,0.73,0.78,0.73,High Energy,Algorithmically matched via Euclidean distance in vector space.,Spotify API (Augmented)
TRK-SCALED-0439,Augmented Track 439,Computational Artist 200,EDM,0.22,0.53,0.41,Moody,Algorithmically matched via Euclidean distance in vector space.,Spotify API (Augmented)
TRK-SCALED-0440,Augmented Track 440,Computational Artist 87,Folk,0.54,0.39,0.44,Aggressive,Algorithmically matched via Euclidean distance in vector space.,Spotify API (Augmented)
TRK-SCALED-0441,Augmented Track 441,Computational Artist 133,R&B,0.43,0.52,0.43,Dreamy,Algorithmically matched via Euclidean distance in vector space.,Spotify API (Augmented)
TRK-SCALED-0442,Augmented Track 442,Computational Artist 136,R&B,0.2,0.55,0.41,Aggressive,Algorithmically matched via Euclidean distance in vector space.,Spotify API (Augmented)
TRK-SCALED-0443,Augmented Track 443,Computational Artist 173,R&B,0.57,0.48,0.42,Chill,Algorithmically matched via Euclidean distance in vector space.,Spotify API (Augmented)
TRK-SCALED-0444,Augmented Track 444,Computational Artist 148,Folk,0.61,0.69,0.48,High Energy,Algorithmically matched via Euclidean distance in vector space.,Spotify API (Augmented)
TRK-SCALED-0445,Augmented Track 445,Computational Artist 88,Indie,0.29,0.4,0.11,Moody,Algorithmically matched via Euclidean distance in vector space.,Spotify API (Augmented)
TRK-SCALED-0446,Augmented Track 446,Computational Artist 104,EDM,0.41,0.45,0.4,Dreamy,Algorithmically matched via Euclidean distance in vector space.,Spotify API (Augmented)
TRK-SCALED-0447,Augmented Track 447,Computational Artist 91,Pop,0.59,0.73,0.8,Dreamy,Algorithmically matched via Euclidean distance in vector space.,Spotify API (Augmented)
TRK-SCALED-0448,Augmented Track 448,Computational Artist 100,Pop,0.58,0.76,0.54,Dreamy,Algorithmically matched via Euclidean distance in vector space.,Spotify API (Augmented)
TRK-SCALED-0449,Augmented Track 449,Computational Artist 135,Pop,0.79,0.79,0.64,Dreamy,Algorithmically matched via Euclidean distance in vector space.,Spotify API (Augmented)
TRK-SCALED-0450,Augmented Track 450,Computational Artist 38,Pop,0.71,0.83,0.8,Chill,Algorithmically matched via Euclidean distance in vector space.,Spotify API (Augmented)
TRK-SCALED-0451,Augmented Track 451,Computational Artist 4,Folk,0.57,0.59,0.54,High Energy,Algorithmically matched via Euclidean distance in vector space.,Spotify API (Augmented)
TRK-SCALED-0452,Augmented Track 452,Computational Artist 200,Pop,0.54,0.83,0.67,Moody,Algorithmically matched via Euclidean distance in vector space.,Spotify API (Augmented)
TRK-SCALED-0453,Augmented Track 453,Computational Artist 59,EDM,0.21,0.36,0.58,Chill,Algorithmically matched via Euclidean distance in vector space.,Spotify API (Augmented)
TRK-SCALED-0454,Augmented Track 454,Computational Artist 120,Indie,0.23,0.58,0.24,Anthemic,Algorithmically matched via Euclidean distance in vector space.,Spotify API (Augmented)
TRK-SCALED-0455,Augmented Track 455,Computational Artist 151,R&B,0.24,0.31,0.53,Chill,Algorithmically matched via Euclidean distance in vector space.,Spotify API (Augmented)
TRK-SCALED-0456,Augmented Track 456,Computational Artist 162,EDM,0.5,0.47,0.27,Chill,Algorithmically matched via Euclidean distance in vector space.,Spotify API (Augmented)
TRK-SCALED-0457,Augmented Track 457,Computational Artist 40,R&B,0.66,0.41,0.35,Smooth,Algorithmically matched via Euclidean distance in vector space.,Spotify API (Augmented)
TRK-SCALED-0458,Augmented Track 458,Computational Artist 84,Hip-Hop,0.8,0.88,0.39,Moody,Algorithmically matched via Euclidean distance in vector space.,Spotify API (Augmented)
TRK-SCALED-0459,Augmented Track 459,Computational Artist 199,Hip-Hop,0.86,0.8,0.43,Anthemic,Algorithmically matched via Euclidean distance in vector space.,Spotify API (Augmented)
TRK-SCALED-0460,Augmented Track 460,Computational Artist 144,EDM,0.65,0.38,0.51,Moody,Algorithmically matched via Euclidean distance in vector space.,Spotify API (Augmented)
TRK-SCALED-0461,Augmented Track 461,Computational Artist 181,Jazz,0.33,0.62,0.3,Moody,Algorithmically matched via Euclidean distance in vector space.,Spotify API (Augmented)
TRK-SCALED-0462,Augmented Track 462,Computational Artist 1,Folk,0.38,0.49,0.25,Chill,Algorithmically matched via Euclidean distance in vector space.,Spotify API (Augmented)
TRK-SCALED-0463,Augmented Track 463,Computational Artist 10,Jazz,0.69,0.57,0.41,Aggressive,Algorithmically matched via Euclidean distance in vector space.,Spotify API (Augmented)
TRK-SCALED-0464,Augmented Track 464,Computational Artist 83,EDM,0.58,0.39,0.55,Aggressive,Algorithmically matched via Euclidean distance in vector space.,Spotify API (Augmented)
TRK-SCALED-0465,Augmented Track 465,Computational Artist 129,Indie,0.39,0.45,0.49,Moody,Algorithmically matched via Euclidean distance in vector space.,Spotify API (Augmented)
TRK-SCALED-0466,Augmented Track 466,Computational Artist 28,Hip-Hop,0.84,0.72,0.43,Dreamy,Algorithmically matched via Euclidean distance in vector space.,Spotify API (Augmented)
TRK-SCALED-0467,Augmented Track 467,Computational Artist 5,Pop,0.65,0.66,0.84,Moody,Algorithmically matched via Euclidean distance in vector space.,Spotify API (Augmented)
TRK-SCALED-0468,Augmented Track 468,Computational Artist 161,R&B,0.48,0.53,0.52,Chill,Algorithmically matched via Euclidean distance in vector space.,Spotify API (Augmented)
TRK-SCALED-0469,Augmented Track 469,Computational Artist 108,EDM,0.32,0.32,0.42,Dreamy,Algorithmically matched via Euclidean distance in vector space.,Spotify API (Augmented)
TRK-SCALED-0470,Augmented Track 470,Computational Artist 39,Hip-Hop,0.95,0.72,0.46,Moody,Algorithmically matched via Euclidean distance in vector space.,Spotify API (Augmented)
TRK-SCALED-0471,Augmented Track 471,Computational Artist 148,Pop,0.57,0.7,0.71,High Energy,Algorithmically matched via Euclidean distance in vector space.,Spotify API (Augmented)
TRK-SCALED-0472,Augmented Track 472,Computational Artist 177,Indie,0.39,0.64,0.42,Anthemic,Algorithmically matched via Euclidean distance in vector space.,Spotify API (Augmented)
TRK-SCALED-0473,Augmented Track 473,Computational Artist 98,Folk,0.3,0.32,0.23,Dreamy,Algorithmically matched via Euclidean distance in vector space.,Spotify API (Augmented)
TRK-SCALED-0474,Augmented Track 474,Computational Artist 30,Folk,0.54,0.68,0.12,Chill,Algorithmically matched via Euclidean distance in vector space.,Spotify API (Augmented)
TRK-SCALED-0475,Augmented Track 475,Computational Artist 147,Indie,0.47,0.69,0.14,Dreamy,Algorithmically matched via Euclidean distance in vector space.,Spotify API (Augmented)
TRK-SCALED-0476,Augmented Track 476,Computational Artist 105,Jazz,0.27,0.58,0.27,Smooth,Algorithmically matched via Euclidean distance in vector space.,Spotify API (Augmented)
TRK-SCALED-0477,Augmented Track 477,Computational Artist 143,R&B,0.27,0.53,0.33,Aggressive,Algorithmically matched via Euclidean distance in vector space.,Spotify API (Augmented)
TRK-SCALED-0478,Augmented Track 478,Computational Artist 140,Indie,0.21,0.46,0.29,Anthemic,Algorithmically matched via Euclidean distance in vector space.,Spotify API (Augmented)
TRK-SCALED-0479,Augmented Track 479,Computational Artist 41,Pop,0.7,0.62,0.69,Dreamy,Algorithmically matched via Euclidean distance in vector space.,Spotify API (Augmented)
TRK-SCALED-0480,Augmented Track 480,Computational Artist 63,Folk,0.49,0.35,0.33,Chill,Algorithmically matched via Euclidean distance in vector space.,Spotify API (Augmented)
TRK-SCALED-0481,Augmented Track 481,Computational Artist 36,Indie,0.58,0.32,0.28,Smooth,Algorithmically matched via Euclidean distance in vector space.,Spotify API (Augmented)
TRK-SCALED-0482,Augmented Track 482,Computational Artist 22,Folk,0.67,0.67,0.26,High Energy,Algorithmically matched via Euclidean distance in vector space.,Spotify API (Augmented)
TRK-SCALED-0483,Augmented Track 483,Computational Artist 104,Folk,0.39,0.32,0.24,Dreamy,Algorithmically matched via Euclidean distance in vector space.,Spotify API (Augmented)
TRK-SCALED-0484,Augmented Track 484,Computational Artist 196,R&B,0.53,0.3,0.54,Chill,Algorithmically matched via Euclidean distance in vector space.,Spotify API (Augmented)
TRK-SCALED-0485,Augmented Track 485,Computational Artist 104,Indie,0.44,0.41,0.26,Aggressive,Algorithmically matched via Euclidean distance in vector space.,Spotify API (Augmented)
TRK-SCALED-0486,Augmented Track 486,Computational Artist 126,Jazz,0.65,0.55,0.22,High Energy,Algorithmically matched via Euclidean distance in vector space.,Spotify API (Augmented)
TRK-SCALED-0487,Augmented Track 487,Computational Artist 164,EDM,0.61,0.36,0.57,Dreamy,Algorithmically matched via Euclidean distance in vector space.,Spotify API (Augmented)
TRK-SCALED-0488,Augmented Track 488,Computational Artist 98,Pop,0.63,0.68,0.77,High Energy,Algorithmically matched via Euclidean distance in vector space.,Spotify API (Augmented)
TRK-SCALED-0489,Augmented Track 489,Computational Artist 79,Pop,0.72,0.71,0.51,Dreamy,Algorithmically matched via Euclidean distance in vector space.,Spotify API (Augmented)
TRK-SCALED-0490,Augmented Track 490,Computational Artist 45,Jazz,0.39,0.44,0.33,Moody,Algorithmically matched via Euclidean distance in vector space.,Spotify API (Augmented)
TRK-SCALED-0491,Augmented Track 491,Computational Artist 34,Indie,0.46,0.6,0.46,Dreamy,Algorithmically matched via Euclidean distance in vector space.,Spotify API (Augmented)
TRK-SCALED-0492,Augmented Track 492,Computational Artist 77,Hip-Hop,0.85,0.77,0.49,Smooth,Algorithmically matched via Euclidean distance in vector space.,Spotify API (Augmented)
TRK-SCALED-0493,Augmented Track 493,Computational Artist 95,Indie,0.31,0.37,0.42,Smooth,Algorithmically matched via Euclidean distance in vector space.,Spotify API (Augmented)
TRK-SCALED-0494,Augmented Track 494,Computational Artist 94,Hip-Hop,0.81,0.8,0.3,Chill,Algorithmically matched via Euclidean distance in vector space.,Spotify API (Augmented)
TRK-SCALED-0495,Augmented Track 495,Computational Artist 18,Folk,0.23,0.51,0.37,High Energy,Algorithmically matched via Euclidean distance in vector space.,Spotify API (Augmented)
TRK-SCALED-0496,Augmented Track 496,Computational Artist 34,Pop,0.72,0.64,0.56,Chill,Algorithmically matched via Euclidean distance in vector space.,Spotify API (Augmented)
TRK-SCALED-0497,Augmented Track 497,Computational Artist 148,Folk,0.31,0.64,0.27,Moody,Algorithmically matched via Euclidean distance in vector space.,Spotify API (Augmented)
TRK-SCALED-0498,Augmented Track 498,Computational Artist 191,Folk,0.38,0.36,0.25,Anthemic,Algorithmically matched via Euclidean distance in vector space.,Spotify API (Augmented)
TRK-SCALED-0499,Augmented Track 499,Computational Artist 151,EDM,0.29,0.56,0.51,Smooth,Algorithmically matched via Euclidean distance in vector space.,Spotify API (Augmented)
TRK-SCALED-0500,Augmented Track 500,Computational Artist 73,EDM,0.33,0.42,0.38,Moody,Algorithmically matched via Euclidean distance in vector space.,Spotify API (Augmented)
TRK-SCALED-0501,Augmented Track 501,Computational Artist 141,Indie,0.61,0.32,0.31,High Energy,Algorithmically matched via Euclidean distance in vector space.,Spotify API (Augmented)
TRK-SCALED-0502,Augmented Track 502,Computational Artist 38,R&B,0.51,0.58,0.55,Aggressive,Algorithmically matched via Euclidean distance in vector space.,Spotify API (Augmented)
TRK-SCALED-0503,Augmented Track 503,Computational Artist 97,Hip-Hop,0.83,0.7,0.46,High Energy,Algorithmically matched via Euclidean distance in vector space.,Spotify API (Augmented)
TRK-SCALED-0504,Augmented Track 504,Computational Artist 43,Hip-Hop,0.7,0.83,0.58,Anthemic,Algorithmically matched via Euclidean distance in vector space.,Spotify API (Augmented)
TRK-SCALED-0505,Augmented Track 505,Computational Artist 43,Indie,0.6,0.52,0.17,Anthemic,Algorithmically matched via Euclidean distance in vector space.,Spotify API (Augmented)
TRK-SCALED-0506,Augmented Track 506,Computational Artist 125,Pop,0.66,0.67,0.71,Chill,Algorithmically matched via Euclidean distance in vector space.,Spotify API (Augmented)
TRK-SCALED-0507,Augmented Track 507,Computational Artist 20,Hip-Hop,0.87,0.73,0.39,Moody,Algorithmically matched via Euclidean distance in vector space.,Spotify API (Augmented)
TRK-SCALED-0508,Augmented Track 508,Computational Artist 92,Hip-Hop,0.91,0.86,0.56,Smooth,Algorithmically matched via Euclidean distance in vector space.,Spotify API (Augmented)
TRK-SCALED-0509,Augmented Track 509,Computational Artist 197,Hip-Hop,0.63,0.87,0.45,Chill,Algorithmically matched via Euclidean distance in vector space.,Spotify API (Augmented)
TRK-SCALED-0510,Augmented Track 510,Computational Artist 140,R&B,0.4,0.63,0.49,Dreamy,Algorithmically matched via Euclidean distance in vector space.,Spotify API (Augmented)
TRK-SCALED-0511,Augmented Track 511,Computational Artist 51,R&B,0.27,0.61,0.16,Moody,Algorithmically matched via Euclidean distance in vector space.,Spotify API (Augmented)
TRK-SCALED-0512,Augmented Track 512,Computational Artist 48,EDM,0.69,0.61,0.36,Aggressive,Algorithmically matched via Euclidean distance in vector space.,Spotify API (Augmented)
TRK-SCALED-0513,Augmented Track 513,Computational Artist 165,R&B,0.55,0.68,0.3,Aggressive,Algorithmically matched via Euclidean distance in vector space.,Spotify API (Augmented)
TRK-SCALED-0514,Augmented Track 514,Computational Artist 72,Hip-Hop,0.66,0.74,0.59,Smooth,Algorithmically matched via Euclidean distance in vector space.,Spotify API (Augmented)
TRK-SCALED-0515,Augmented Track 515,Computational Artist 198,Hip-Hop,0.65,0.9,0.34,Dreamy,Algorithmically matched via Euclidean distance in vector space.,Spotify API (Augmented)
TRK-SCALED-0516,Augmented Track 516,Computational Artist 131,Pop,0.63,0.7,0.81,Anthemic,Algorithmically matched via Euclidean distance in vector space.,Spotify API (Augmented)
TRK-SCALED-0517,Augmented Track 517,Computational Artist 94,Indie,0.22,0.4,0.57,Smooth,Algorithmically matched via Euclidean distance in vector space.,Spotify API (Augmented)
TRK-SCALED-0518,Augmented Track 518,Computational Artist 17,Jazz,0.25,0.34,0.42,Anthemic,Algorithmically matched via Euclidean distance in vector space.,Spotify API (Augmented)
TRK-SCALED-0519,Augmented Track 519,Computational Artist 21,EDM,0.63,0.52,0.14,Chill,Algorithmically matched via Euclidean distance in vector space.,Spotify API (Augmented)
TRK-SCALED-0520,Augmented Track 520,Computational Artist 158,Indie,0.6,0.44,0.37,Chill,Algorithmically matched via Euclidean distance in vector space.,Spotify API (Augmented)
TRK-SCALED-0521,Augmented Track 521,Computational Artist 38,EDM,0.27,0.41,0.39,Dreamy,Algorithmically matched via Euclidean distance in vector space.,Spotify API (Augmented)
TRK-SCALED-0522,Augmented Track 522,Computational Artist 122,Pop,0.81,0.84,0.76,Anthemic,Algorithmically matched via Euclidean distance in vector space.,Spotify API (Augmented)
TRK-SCALED-0523,Augmented Track 523,Computational Artist 180,Jazz,0.22,0.33,0.17,Dreamy,Algorithmically matched via Euclidean distance in vector space.,Spotify API (Augmented)
TRK-SCALED-0524,Augmented Track 524,Computational Artist 32,Jazz,0.35,0.49,0.5,Smooth,Algorithmically matched via Euclidean distance in vector space.,Spotify API (Augmented)
TRK-SCALED-0525,Augmented Track 525,Computational Artist 99,Folk,0.46,0.33,0.53,Dreamy,Algorithmically matched via Euclidean distance in vector space.,Spotify API (Augmented)
TRK-SCALED-0526,Augmented Track 526,Computational Artist 120,Indie,0.45,0.4,0.34,High Energy,Algorithmically matched via Euclidean distance in vector space.,Spotify API (Augmented)
TRK-SCALED-0527,Augmented Track 527,Computational Artist 106,R&B,0.54,0.51,0.5,Smooth,Algorithmically matched via Euclidean distance in vector space.,Spotify API (Augmented)
TRK-SCALED-0528,Augmented Track 528,Computational Artist 6,Jazz,0.24,0.65,0.14,Anthemic,Algorithmically matched via Euclidean distance in vector space.,Spotify API (Augmented)
TRK-SCALED-0529,Augmented Track 529,Computational Artist 150,Jazz,0.5,0.31,0.44,Smooth,Algorithmically matched via Euclidean distance in vector space.,Spotify API (Augmented)
TRK-SCALED-0530,Augmented Track 530,Computational Artist 105,Indie,0.38,0.54,0.51,Anthemic,Algorithmically matched via Euclidean distance in vector space.,Spotify API (Augmented)
TRK-SCALED-0531,Augmented Track 531,Computational Artist 41,Pop,0.79,0.74,0.74,Dreamy,Algorithmically matched via Euclidean distance in vector space.,Spotify API (Augmented)
TRK-SCALED-0532,Augmented Track 532,Computational Artist 137,Jazz,0.62,0.55,0.2,Anthemic,Algorithmically matched via Euclidean distance in vector space.,Spotify API (Augmented)
TRK-SCALED-0533,Augmented Track 533,Computational Artist 88,Folk,0.36,0.54,0.46,High Energy,Algorithmically matched via Euclidean distance in vector space.,Spotify API (Augmented)
TRK-SCALED-0534,Augmented Track 534,Computational Artist 180,Pop,0.6,0.68,0.5,Smooth,Algorithmically matched via Euclidean distance in vector space.,Spotify API (Augmented)
TRK-SCALED-0535,Augmented Track 535,Computational Artist 97,R&B,0.61,0.67,0.39,Aggressive,Algorithmically matched via Euclidean distance in vector space.,Spotify API (Augmented)
TRK-SCALED-0536,Augmented Track 536,Computational Artist 48,Hip-Hop,0.67,0.75,0.54,Chill,Algorithmically matched via Euclidean distance in vector space.,Spotify API (Augmented)
TRK-SCALED-0537,Augmented Track 537,Computational Artist 12,Folk,0.24,0.4,0.39,Aggressive,Algorithmically matched via Euclidean distance in vector space.,Spotify API (Augmented)
TRK-SCALED-0538,Augmented Track 538,Computational Artist 123,Hip-Hop,0.91,0.85,0.33,Aggressive,Algorithmically matched via Euclidean distance in vector space.,Spotify API (Augmented)
TRK-SCALED-0539,Augmented Track 539,Computational Artist 138,EDM,0.41,0.42,0.43,Smooth,Algorithmically matched via Euclidean distance in vector space.,Spotify API (Augmented)
TRK-SCALED-0540,Augmented Track 540,Computational Artist 49,Jazz,0.59,0.43,0.29,Dreamy,Algorithmically matched via Euclidean distance in vector space.,Spotify API (Augmented)
TRK-SCALED-0541,Augmented Track 541,Computational Artist 135,EDM,0.26,0.56,0.16,Dreamy,Algorithmically matched via Euclidean distance in vector space.,Spotify API (Augmented)
TRK-SCALED-0542,Augmented Track 542,Computational Artist 149,R&B,0.4,0.45,0.26,Aggressive,Algorithmically matched via Euclidean distance in vector space.,Spotify API (Augmented)
TRK-SCALED-0543,Augmented Track 543,Computational Artist 6,Hip-Hop,0.68,0.86,0.35,High Energy,Algorithmically matched via Euclidean distance in vector space.,Spotify API (Augmented)
TRK-SCALED-0544,Augmented Track 544,Computational Artist 130,EDM,0.27,0.46,0.4,Moody,Algorithmically matched via Euclidean distance in vector space.,Spotify API (Augmented)
TRK-SCALED-0545,Augmented Track 545,Computational Artist 109,R&B,0.22,0.6,0.38,Smooth,Algorithmically matched via Euclidean distance in vector space.,Spotify API (Augmented)
TRK-SCALED-0546,Augmented Track 546,Computational Artist 162,EDM,0.53,0.5,0.39,Dreamy,Algorithmically matched via Euclidean distance in vector space.,Spotify API (Augmented)
TRK-SCALED-0547,Augmented Track 547,Computational Artist 76,Indie,0.28,0.56,0.2,Dreamy,Algorithmically matched via Euclidean distance in vector space.,Spotify API (Augmented)
TRK-SCALED-0548,Augmented Track 548,Computational Artist 40,Folk,0.67,0.49,0.13,High Energy,Algorithmically matched via Euclidean distance in vector space.,Spotify API (Augmented)
TRK-SCALED-0549,Augmented Track 549,Computational Artist 137,Folk,0.41,0.63,0.35,High Energy,Algorithmically matched via Euclidean distance in vector space.,Spotify API (Augmented)
TRK-SCALED-0550,Augmented Track 550,Computational Artist 32,Pop,0.78,0.64,0.75,High Energy,Algorithmically matched via Euclidean distance in vector space.,Spotify API (Augmented)
TRK-SCALED-0551,Augmented Track 551,Computational Artist 113,Pop,0.59,0.73,0.83,High Energy,Algorithmically matched via Euclidean distance in vector space.,Spotify API (Augmented)
TRK-SCALED-0552,Augmented Track 552,Computational Artist 48,Jazz,0.21,0.36,0.57,Dreamy,Algorithmically matched via Euclidean distance in vector space.,Spotify API (Augmented)
TRK-SCALED-0553,Augmented Track 553,Computational Artist 181,R&B,0.41,0.42,0.4,Chill,Algorithmically matched via Euclidean distance in vector space.,Spotify API (Augmented)
TRK-SCALED-0554,Augmented Track 554,Computational Artist 162,R&B,0.39,0.52,0.45,Aggressive,Algorithmically matched via Euclidean distance in vector space.,Spotify API (Augmented)
TRK-SCALED-0555,Augmented Track 555,Computational Artist 168,Jazz,0.67,0.68,0.51,High Energy,Algorithmically matched via Euclidean distance in vector space.,Spotify API (Augmented)
TRK-SCALED-0556,Augmented Track 556,Computational Artist 152,R&B,0.28,0.67,0.21,Anthemic,Algorithmically matched via Euclidean distance in vector space.,Spotify API (Augmented)
TRK-SCALED-0557,Augmented Track 557,Computational Artist 30,Hip-Hop,0.84,0.89,0.32,Anthemic,Algorithmically matched via Euclidean distance in vector space.,Spotify API (Augmented)
TRK-SCALED-0558,Augmented Track 558,Computational Artist 24,Pop,0.52,0.6,0.53,Dreamy,Algorithmically matched via Euclidean distance in vector space.,Spotify API (Augmented)
TRK-SCALED-0559,Augmented Track 559,Computational Artist 153,Jazz,0.33,0.53,0.52,Dreamy,Algorithmically matched via Euclidean distance in vector space.,Spotify API (Augmented)
TRK-SCALED-0560,Augmented Track 560,Computational Artist 40,Jazz,0.31,0.37,0.4,Anthemic,Algorithmically matched via Euclidean distance in vector space.,Spotify API (Augmented)
TRK-SCALED-0561,Augmented Track 561,Computational Artist 177,Folk,0.7,0.67,0.23,Smooth,Algorithmically matched via Euclidean distance in vector space.,Spotify API (Augmented)
TRK-SCALED-0562,Augmented Track 562,Computational Artist 152,EDM,0.48,0.69,0.35,Chill,Algorithmically matched via Euclidean distance in vector space.,Spotify API (Augmented)
TRK-SCALED-0563,Augmented Track 563,Computational Artist 70,Folk,0.45,0.52,0.59,Chill,Algorithmically matched via Euclidean distance in vector space.,Spotify API (Augmented)
TRK-SCALED-0564,Augmented Track 564,Computational Artist 15,Jazz,0.33,0.67,0.49,High Energy,Algorithmically matched via Euclidean distance in vector space.,Spotify API (Augmented)
TRK-SCALED-0565,Augmented Track 565,Computational Artist 50,Jazz,0.69,0.61,0.57,Anthemic,Algorithmically matched via Euclidean distance in vector space.,Spotify API (Augmented)
TRK-SCALED-0566,Augmented Track 566,Computational Artist 26,Folk,0.44,0.52,0.44,Dreamy,Algorithmically matched via Euclidean distance in vector space.,Spotify API (Augmented)
TRK-SCALED-0567,Augmented Track 567,Computational Artist 198,Folk,0.67,0.59,0.27,Dreamy,Algorithmically matched via Euclidean distance in vector space.,Spotify API (Augmented)
TRK-SCALED-0568,Augmented Track 568,Computational Artist 32,EDM,0.66,0.37,0.52,Aggressive,Algorithmically matched via Euclidean distance in vector space.,Spotify API (Augmented)
TRK-SCALED-0569,Augmented Track 569,Computational Artist 26,Indie,0.28,0.56,0.16,Anthemic,Algorithmically matched via Euclidean distance in vector space.,Spotify API (Augmented)
TRK-SCALED-0570,Augmented Track 570,Computational Artist 78,Folk,0.68,0.36,0.14,Anthemic,Algorithmically matched via Euclidean distance in vector space.,Spotify API (Augmented)
TRK-SCALED-0571,Augmented Track 571,Computational Artist 125,Pop,0.79,0.67,0.72,Dreamy,Algorithmically matched via Euclidean distance in vector space.,Spotify API (Augmented)
TRK-SCALED-0572,Augmented Track 572,Computational Artist 179,Folk,0.52,0.42,0.39,Aggressive,Algorithmically matched via Euclidean distance in vector space.,Spotify API (Augmented)
TRK-SCALED-0573,Augmented Track 573,Computational Artist 65,Folk,0.34,0.37,0.3,Dreamy,Algorithmically matched via Euclidean distance in vector space.,Spotify API (Augmented)
TRK-SCALED-0574,Augmented Track 574,Computational Artist 10,R&B,0.35,0.53,0.28,Smooth,Algorithmically matched via Euclidean distance in vector space.,Spotify API (Augmented)
TRK-SCALED-0575,Augmented Track 575,Computational Artist 158,Hip-Hop,0.69,0.86,0.52,Moody,Algorithmically matched via Euclidean distance in vector space.,Spotify API (Augmented)
TRK-SCALED-0576,Augmented Track 576,Computational Artist 196,Jazz,0.37,0.31,0.44,Smooth,Algorithmically matched via Euclidean distance in vector space.,Spotify API (Augmented)
TRK-SCALED-0577,Augmented Track 577,Computational Artist 169,Hip-Hop,0.73,0.82,0.49,Chill,Algorithmically matched via Euclidean distance in vector space.,Spotify API (Augmented)
TRK-SCALED-0578,Augmented Track 578,Computational Artist 2,R&B,0.65,0.38,0.52,High Energy,Algorithmically matched via Euclidean distance in vector space.,Spotify API (Augmented)
TRK-SCALED-0579,Augmented Track 579,Computational Artist 28,Folk,0.65,0.42,0.39,Smooth,Algorithmically matched via Euclidean distance in vector space.,Spotify API (Augmented)
TRK-SCALED-0580,Augmented Track 580,Computational Artist 191,Hip-Hop,0.75,0.83,0.42,Smooth,Algorithmically matched via Euclidean distance in vector space.,Spotify API (Augmented)
TRK-SCALED-0581,Augmented Track 581,Computational Artist 135,Pop,0.8,0.7,0.61,Dreamy,Algorithmically matched via Euclidean distance in vector space.,Spotify API (Augmented)
TRK-SCALED-0582,Augmented Track 582,Computational Artist 67,Indie,0.48,0.51,0.26,Anthemic,Algorithmically matched via Euclidean distance in vector space.,Spotify API (Augmented)
TRK-SCALED-0583,Augmented Track 583,Computational Artist 80,R&B,0.57,0.65,0.38,Moody,Algorithmically matched via Euclidean distance in vector space.,Spotify API (Augmented)
TRK-SCALED-0584,Augmented Track 584,Computational Artist 64,Hip-Hop,0.7,0.88,0.32,Anthemic,Algorithmically matched via Euclidean distance in vector space.,Spotify API (Augmented)
TRK-SCALED-0585,Augmented Track 585,Computational Artist 60,Indie,0.34,0.46,0.3,Moody,Algorithmically matched via Euclidean distance in vector space.,Spotify API (Augmented)
TRK-SCALED-0586,Augmented Track 586,Computational Artist 77,Jazz,0.64,0.34,0.2,Aggressive,Algorithmically matched via Euclidean distance in vector space.,Spotify API (Augmented)
TRK-SCALED-0587,Augmented Track 587,Computational Artist 31,Pop,0.61,0.79,0.9,Smooth,Algorithmically matched via Euclidean distance in vector space.,Spotify API (Augmented)
TRK-SCALED-0588,Augmented Track 588,Computational Artist 32,Hip-Hop,0.9,0.85,0.47,Moody,Algorithmically matched via Euclidean distance in vector space.,Spotify API (Augmented)
TRK-SCALED-0589,Augmented Track 589,Computational Artist 130,Pop,0.83,0.61,0.7,Dreamy,Algorithmically matched via Euclidean distance in vector space.,Spotify API (Augmented)
TRK-SCALED-0590,Augmented Track 590,Computational Artist 159,Jazz,0.28,0.47,0.54,Aggressive,Algorithmically matched via Euclidean distance in vector space.,Spotify API (Augmented)
TRK-SCALED-0591,Augmented Track 591,Computational Artist 24,Indie,0.51,0.4,0.13,High Energy,Algorithmically matched via Euclidean distance in vector space.,Spotify API (Augmented)
TRK-SCALED-0592,Augmented Track 592,Computational Artist 26,R&B,0.31,0.35,0.14,High Energy,Algorithmically matched via Euclidean distance in vector space.,Spotify API (Augmented)
TRK-SCALED-0593,Augmented Track 593,Computational Artist 22,Jazz,0.57,0.52,0.48,Aggressive,Algorithmically matched via Euclidean distance in vector space.,Spotify API (Augmented)
TRK-SCALED-0594,Augmented Track 594,Computational Artist 181,Indie,0.58,0.55,0.19,Anthemic,Algorithmically matched via Euclidean distance in vector space.,Spotify API (Augmented)
TRK-SCALED-0595,Augmented Track 595,Computational Artist 142,Pop,0.64,0.82,0.65,High Energy,Algorithmically matched via Euclidean distance in vector space.,Spotify API (Augmented)
TRK-SCALED-0596,Augmented Track 596,Computational Artist 2,R&B,0.41,0.63,0.47,Chill,Algorithmically matched via Euclidean distance in vector space.,Spotify API (Augmented)
TRK-SCALED-0597,Augmented Track 597,Computational Artist 137,Folk,0.45,0.55,0.11,Aggressive,Algorithmically matched via Euclidean distance in vector space.,Spotify API (Augmented)
TRK-SCALED-0598,Augmented Track 598,Computational Artist 176,Indie,0.35,0.47,0.24,Moody,Algorithmically matched via Euclidean distance in vector space.,Spotify API (Augmented)
TRK-SCALED-0599,Augmented Track 599,Computational Artist 194,R&B,0.54,0.6,0.4,Moody,Algorithmically matched via Euclidean distance in vector space.,Spotify API (Augmented)
TRK-SCALED-0600,Augmented Track 600,Computational Artist 107,Indie,0.51,0.67,0.57,High Energy,Algorithmically matched via Euclidean distance in vector space.,Spotify API (Augmented)
TRK-SCALED-0601,Augmented Track 601,Computational Artist 47,R&B,0.5,0.48,0.2,High Energy,Algorithmically matched via Euclidean distance in vector space.,Spotify API (Augmented)
TRK-SCALED-0602,Augmented Track 602,Computational Artist 154,Indie,0.61,0.56,0.25,Dreamy,Algorithmically matched via Euclidean distance in vector space.,Spotify API (Augmented)
TRK-SCALED-0603,Augmented Track 603,Computational Artist 27,Hip-Hop,0.73,0.89,0.54,Aggressive,Algorithmically matched via Euclidean distance in vector space.,Spotify API (Augmented)
TRK-SCALED-0604,Augmented Track 604,Computational Artist 100,Pop,0.73,0.63,0.54,Dreamy,Algorithmically matched via Euclidean distance in vector space.,Spotify API (Augmented)
TRK-SCALED-0605,Augmented Track 605,Computational Artist 11,Jazz,0.43,0.6,0.21,Smooth,Algorithmically matched via Euclidean distance in vector space.,Spotify API (Augmented)
TRK-SCALED-0606,Augmented Track 606,Computational Artist 164,EDM,0.47,0.64,0.11,Smooth,Algorithmically matched via Euclidean distance in vector space.,Spotify API (Augmented)
TRK-SCALED-0607,Augmented Track 607,Computational Artist 196,Indie,0.51,0.45,0.52,Aggressive,Algorithmically matched via Euclidean distance in vector space.,Spotify API (Augmented)
TRK-SCALED-0608,Augmented Track 608,Computational Artist 27,Pop,0.81,0.79,0.89,Anthemic,Algorithmically matched via Euclidean distance in vector space.,Spotify API (Augmented)
TRK-SCALED-0609,Augmented Track 609,Computational Artist 105,EDM,0.64,0.63,0.51,High Energy,Algorithmically matched via Euclidean distance in vector space.,Spotify API (Augmented)
TRK-SCALED-0610,Augmented Track 610,Computational Artist 94,EDM,0.23,0.31,0.27,High Energy,Algorithmically matched via Euclidean distance in vector space.,Spotify API (Augmented)
TRK-SCALED-0611,Augmented Track 611,Computational Artist 173,Pop,0.76,0.78,0.9,Dreamy,Algorithmically matched via Euclidean distance in vector space.,Spotify API (Augmented)
TRK-SCALED-0612,Augmented Track 612,Computational Artist 120,R&B,0.51,0.31,0.37,Smooth,Algorithmically matched via Euclidean distance in vector space.,Spotify API (Augmented)
TRK-SCALED-0613,Augmented Track 613,Computational Artist 35,Hip-Hop,0.85,0.76,0.52,Moody,Algorithmically matched via Euclidean distance in vector space.,Spotify API (Augmented)
TRK-SCALED-0614,Augmented Track 614,Computational Artist 59,Folk,0.33,0.53,0.49,Anthemic,Algorithmically matched via Euclidean distance in vector space.,Spotify API (Augmented)
TRK-SCALED-0615,Augmented Track 615,Computational Artist 43,EDM,0.43,0.69,0.4,Chill,Algorithmically matched via Euclidean distance in vector space.,Spotify API (Augmented)
TRK-SCALED-0616,Augmented Track 616,Computational Artist 15,Pop,0.62,0.84,0.83,High Energy,Algorithmically matched via Euclidean distance in vector space.,Spotify API (Augmented)
TRK-SCALED-0617,Augmented Track 617,Computational Artist 126,EDM,0.4,0.51,0.45,Aggressive,Algorithmically matched via Euclidean distance in vector space.,Spotify API (Augmented)
TRK-SCALED-0618,Augmented Track 618,Computational Artist 166,Indie,0.47,0.45,0.19,Aggressive,Algorithmically matched via Euclidean distance in vector space.,Spotify API (Augmented)
TRK-SCALED-0619,Augmented Track 619,Computational Artist 135,Folk,0.48,0.68,0.17,Smooth,Algorithmically matched via Euclidean distance in vector space.,Spotify API (Augmented)
TRK-SCALED-0620,Augmented Track 620,Computational Artist 120,Pop,0.58,0.8,0.85,Moody,Algorithmically matched via Euclidean distance in vector space.,Spotify API (Augmented)
TRK-SCALED-0621,Augmented Track 621,Computational Artist 137,R&B,0.48,0.52,0.56,Chill,Algorithmically matched via Euclidean distance in vector space.,Spotify API (Augmented)
TRK-SCALED-0622,Augmented Track 622,Computational Artist 118,Jazz,0.67,0.64,0.54,High Energy,Algorithmically matched via Euclidean distance in vector space.,Spotify API (Augmented)
TRK-SCALED-0623,Augmented Track 623,Computational Artist 97,Indie,0.51,0.32,0.27,Anthemic,Algorithmically matched via Euclidean distance in vector space.,Spotify API (Augmented)
TRK-SCALED-0624,Augmented Track 624,Computational Artist 71,Jazz,0.5,0.53,0.34,Dreamy,Algorithmically matched via Euclidean distance in vector space.,Spotify API (Augmented)
TRK-SCALED-0625,Augmented Track 625,Computational Artist 76,Folk,0.61,0.38,0.51,Anthemic,Algorithmically matched via Euclidean distance in vector space.,Spotify API (Augmented)
TRK-SCALED-0626,Augmented Track 626,Computational Artist 81,R&B,0.69,0.43,0.48,Dreamy,Algorithmically matched via Euclidean distance in vector space.,Spotify API (Augmented)
TRK-SCALED-0627,Augmented Track 627,Computational Artist 119,EDM,0.26,0.55,0.33,Anthemic,Algorithmically matched via Euclidean distance in vector space.,Spotify API (Augmented)
TRK-SCALED-0628,Augmented Track 628,Computational Artist 105,Indie,0.22,0.36,0.3,Smooth,Algorithmically matched via Euclidean distance in vector space.,Spotify API (Augmented)
TRK-SCALED-0629,Augmented Track 629,Computational Artist 128,Indie,0.47,0.52,0.27,Moody,Algorithmically matched via Euclidean distance in vector space.,Spotify API (Augmented)
TRK-SCALED-0630,Augmented Track 630,Computational Artist 104,Folk,0.68,0.61,0.54,High Energy,Algorithmically matched via Euclidean distance in vector space.,Spotify API (Augmented)
TRK-SCALED-0631,Augmented Track 631,Computational Artist 54,R&B,0.42,0.42,0.3,High Energy,Algorithmically matched via Euclidean distance in vector space.,Spotify API (Augmented)
TRK-SCALED-0632,Augmented Track 632,Computational Artist 161,Folk,0.67,0.3,0.3,Chill,Algorithmically matched via Euclidean distance in vector space.,Spotify API (Augmented)
TRK-SCALED-0633,Augmented Track 633,Computational Artist 153,Hip-Hop,0.81,0.82,0.35,Anthemic,Algorithmically matched via Euclidean distance in vector space.,Spotify API (Augmented)
TRK-SCALED-0634,Augmented Track 634,Computational Artist 154,Jazz,0.24,0.4,0.26,Aggressive,Algorithmically matched via Euclidean distance in vector space.,Spotify API (Augmented)
TRK-SCALED-0635,Augmented Track 635,Computational Artist 131,Folk,0.31,0.46,0.37,Chill,Algorithmically matched via Euclidean distance in vector space.,Spotify API (Augmented)
TRK-SCALED-0636,Augmented Track 636,Computational Artist 179,Indie,0.49,0.54,0.18,Anthemic,Algorithmically matched via Euclidean distance in vector space.,Spotify API (Augmented)
TRK-SCALED-0637,Augmented Track 637,Computational Artist 94,Indie,0.49,0.42,0.45,Aggressive,Algorithmically matched via Euclidean distance in vector space.,Spotify API (Augmented)
TRK-SCALED-0638,Augmented Track 638,Computational Artist 5,R&B,0.56,0.6,0.41,Aggressive,Algorithmically matched via Euclidean distance in vector space.,Spotify API (Augmented)
TRK-SCALED-0639,Augmented Track 639,Computational Artist 60,Pop,0.5,0.63,0.78,Anthemic,Algorithmically matched via Euclidean distance in vector space.,Spotify API (Augmented)
TRK-SCALED-0640,Augmented Track 640,Computational Artist 24,Pop,0.7,0.78,0.58,Anthemic,Algorithmically matched via Euclidean distance in vector space.,Spotify API (Augmented)
TRK-SCALED-0641,Augmented Track 641,Computational Artist 22,Indie,0.48,0.32,0.41,Dreamy,Algorithmically matched via Euclidean distance in vector space.,Spotify API (Augmented)
TRK-SCALED-0642,Augmented Track 642,Computational Artist 99,R&B,0.6,0.47,0.26,Anthemic,Algorithmically matched via Euclidean distance in vector space.,Spotify API (Augmented)
TRK-SCALED-0643,Augmented Track 643,Computational Artist 75,Hip-Hop,0.74,0.77,0.32,Moody,Algorithmically matched via Euclidean distance in vector space.,Spotify API (Augmented)
TRK-SCALED-0644,Augmented Track 644,Computational Artist 78,EDM,0.46,0.56,0.35,Moody,Algorithmically matched via Euclidean distance in vector space.,Spotify API (Augmented)
TRK-SCALED-0645,Augmented Track 645,Computational Artist 152,Pop,0.77,0.7,0.63,Aggressive,Algorithmically matched via Euclidean distance in vector space.,Spotify API (Augmented)
TRK-SCALED-0646,Augmented Track 646,Computational Artist 45,Folk,0.23,0.57,0.36,Anthemic,Algorithmically matched via Euclidean distance in vector space.,Spotify API (Augmented)
TRK-SCALED-0647,Augmented Track 647,Computational Artist 100,Hip-Hop,0.6,0.87,0.4,Anthemic,Algorithmically matched via Euclidean distance in vector space.,Spotify API (Augmented)
TRK-SCALED-0648,Augmented Track 648,Computational Artist 124,Pop,0.52,0.85,0.9,Moody,Algorithmically matched via Euclidean distance in vector space.,Spotify API (Augmented)
TRK-SCALED-0649,Augmented Track 649,Computational Artist 142,Indie,0.22,0.44,0.25,Dreamy,Algorithmically matched via Euclidean distance in vector space.,Spotify API (Augmented)
TRK-SCALED-0650,Augmented Track 650,Computational Artist 158,EDM,0.4,0.46,0.57,Dreamy,Algorithmically matched via Euclidean distance in vector space.,Spotify API (Augmented)
TRK-SCALED-0651,Augmented Track 651,Computational Artist 166,Indie,0.21,0.38,0.23,Smooth,Algorithmically matched via Euclidean distance in vector space.,Spotify API (Augmented)
TRK-SCALED-0652,Augmented Track 652,Computational Artist 175,Indie,0.47,0.47,0.36,Smooth,Algorithmically matched via Euclidean distance in vector space.,Spotify API (Augmented)
TRK-SCALED-0653,Augmented Track 653,Computational Artist 8,Folk,0.62,0.52,0.24,Smooth,Algorithmically matched via Euclidean distance in vector space.,Spotify API (Augmented)
TRK-SCALED-0654,Augmented Track 654,Computational Artist 86,Hip-Hop,0.61,0.83,0.36,High Energy,Algorithmically matched via Euclidean distance in vector space.,Spotify API (Augmented)
TRK-SCALED-0655,Augmented Track 655,Computational Artist 14,R&B,0.4,0.48,0.21,Aggressive,Algorithmically matched via Euclidean distance in vector space.,Spotify API (Augmented)
TRK-SCALED-0656,Augmented Track 656,Computational Artist 6,Folk,0.69,0.61,0.12,Aggressive,Algorithmically matched via Euclidean distance in vector space.,Spotify API (Augmented)
TRK-SCALED-0657,Augmented Track 657,Computational Artist 27,Folk,0.43,0.49,0.11,Smooth,Algorithmically matched via Euclidean distance in vector space.,Spotify API (Augmented)
TRK-SCALED-0658,Augmented Track 658,Computational Artist 121,Indie,0.55,0.56,0.11,Aggressive,Algorithmically matched via Euclidean distance in vector space.,Spotify API (Augmented)
TRK-SCALED-0659,Augmented Track 659,Computational Artist 177,EDM,0.58,0.44,0.48,Moody,Algorithmically matched via Euclidean distance in vector space.,Spotify API (Augmented)
TRK-SCALED-0660,Augmented Track 660,Computational Artist 88,Indie,0.58,0.52,0.39,Dreamy,Algorithmically matched via Euclidean distance in vector space.,Spotify API (Augmented)
TRK-SCALED-0661,Augmented Track 661,Computational Artist 122,Hip-Hop,0.73,0.73,0.52,Anthemic,Algorithmically matched via Euclidean distance in vector space.,Spotify API (Augmented)
TRK-SCALED-0662,Augmented Track 662,Computational Artist 95,Folk,0.46,0.68,0.38,Dreamy,Algorithmically matched via Euclidean distance in vector space.,Spotify API (Augmented)
TRK-SCALED-0663,Augmented Track 663,Computational Artist 56,Jazz,0.24,0.47,0.11,High Energy,Algorithmically matched via Euclidean distance in vector space.,Spotify API (Augmented)
TRK-SCALED-0664,Augmented Track 664,Computational Artist 200,Hip-Hop,0.67,0.82,0.34,Aggressive,Algorithmically matched via Euclidean distance in vector space.,Spotify API (Augmented)
TRK-SCALED-0665,Augmented Track 665,Computational Artist 98,Hip-Hop,0.83,0.7,0.51,High Energy,Algorithmically matched via Euclidean distance in vector space.,Spotify API (Augmented)
TRK-SCALED-0666,Augmented Track 666,Computational Artist 82,Folk,0.7,0.34,0.2,Anthemic,Algorithmically matched via Euclidean distance in vector space.,Spotify API (Augmented)
TRK-SCALED-0667,Augmented Track 667,Computational Artist 179,R&B,0.65,0.36,0.59,Moody,Algorithmically matched via Euclidean distance in vector space.,Spotify API (Augmented)
TRK-SCALED-0668,Augmented Track 668,Computational Artist 153,Indie,0.49,0.42,0.38,Moody,Algorithmically matched via Euclidean distance in vector space.,Spotify API (Augmented)
TRK-SCALED-0669,Augmented Track 669,Computational Artist 74,Jazz,0.52,0.68,0.49,High Energy,Algorithmically matched via Euclidean distance in vector space.,Spotify API (Augmented)
TRK-SCALED-0670,Augmented Track 670,Computational Artist 28,Pop,0.75,0.63,0.86,Aggressive,Algorithmically matched via Euclidean distance in vector space.,Spotify API (Augmented)
TRK-SCALED-0671,Augmented Track 671,Computational Artist 17,Hip-Hop,0.6,0.85,0.34,Moody,Algorithmically matched via Euclidean distance in vector space.,Spotify API (Augmented)
TRK-SCALED-0672,Augmented Track 672,Computational Artist 75,Pop,0.68,0.84,0.54,Smooth,Algorithmically matched via Euclidean distance in vector space.,Spotify API (Augmented)
TRK-SCALED-0673,Augmented Track 673,Computational Artist 96,EDM,0.62,0.44,0.51,Smooth,Algorithmically matched via Euclidean distance in vector space.,Spotify API (Augmented)
TRK-SCALED-0674,Augmented Track 674,Computational Artist 6,Folk,0.29,0.38,0.41,Chill,Algorithmically matched via Euclidean distance in vector space.,Spotify API (Augmented)
TRK-SCALED-0675,Augmented Track 675,Computational Artist 157,Pop,0.66,0.63,0.86,Aggressive,Algorithmically matched via Euclidean distance in vector space.,Spotify API (Augmented)
TRK-SCALED-0676,Augmented Track 676,Computational Artist 119,Indie,0.63,0.58,0.44,Anthemic,Algorithmically matched via Euclidean distance in vector space.,Spotify API (Augmented)
TRK-SCALED-0677,Augmented Track 677,Computational Artist 146,R&B,0.32,0.45,0.54,High Energy,Algorithmically matched via Euclidean distance in vector space.,Spotify API (Augmented)
TRK-SCALED-0678,Augmented Track 678,Computational Artist 12,Indie,0.5,0.56,0.37,High Energy,Algorithmically matched via Euclidean distance in vector space.,Spotify API (Augmented)
TRK-SCALED-0679,Augmented Track 679,Computational Artist 69,R&B,0.25,0.61,0.24,Anthemic,Algorithmically matched via Euclidean distance in vector space.,Spotify API (Augmented)
TRK-SCALED-0680,Augmented Track 680,Computational Artist 198,R&B,0.61,0.68,0.27,Aggressive,Algorithmically matched via Euclidean distance in vector space.,Spotify API (Augmented)
TRK-SCALED-0681,Augmented Track 681,Computational Artist 142,Pop,0.73,0.69,0.51,Chill,Algorithmically matched via Euclidean distance in vector space.,Spotify API (Augmented)
TRK-SCALED-0682,Augmented Track 682,Computational Artist 70,Folk,0.46,0.69,0.28,Dreamy,Algorithmically matched via Euclidean distance in vector space.,Spotify API (Augmented)
TRK-SCALED-0683,Augmented Track 683,Computational Artist 99,Jazz,0.53,0.37,0.26,High Energy,Algorithmically matched via Euclidean distance in vector space.,Spotify API (Augmented)
TRK-SCALED-0684,Augmented Track 684,Computational Artist 74,EDM,0.34,0.4,0.23,Smooth,Algorithmically matched via Euclidean distance in vector space.,Spotify API (Augmented)
TRK-SCALED-0685,Augmented Track 685,Computational Artist 185,Jazz,0.59,0.45,0.44,Anthemic,Algorithmically matched via Euclidean distance in vector space.,Spotify API (Augmented)
TRK-SCALED-0686,Augmented Track 686,Computational Artist 17,Indie,0.39,0.39,0.17,Moody,Algorithmically matched via Euclidean distance in vector space.,Spotify API (Augmented)
TRK-SCALED-0687,Augmented Track 687,Computational Artist 8,Jazz,0.56,0.51,0.17,Aggressive,Algorithmically matched via Euclidean distance in vector space.,Spotify API (Augmented)
TRK-SCALED-0688,Augmented Track 688,Computational Artist 16,R&B,0.58,0.56,0.56,High Energy,Algorithmically matched via Euclidean distance in vector space.,Spotify API (Augmented)
TRK-SCALED-0689,Augmented Track 689,Computational Artist 76,R&B,0.35,0.59,0.33,Chill,Algorithmically matched via Euclidean distance in vector space.,Spotify API (Augmented)
TRK-SCALED-0690,Augmented Track 690,Computational Artist 89,Jazz,0.36,0.38,0.28,Smooth,Algorithmically matched via Euclidean distance in vector space.,Spotify API (Augmented)
TRK-SCALED-0691,Augmented Track 691,Computational Artist 120,Jazz,0.31,0.57,0.49,High Energy,Algorithmically matched via Euclidean distance in vector space.,Spotify API (Augmented)
TRK-SCALED-0692,Augmented Track 692,Computational Artist 20,Folk,0.42,0.59,0.41,Anthemic,Algorithmically matched via Euclidean distance in vector space.,Spotify API (Augmented)
TRK-SCALED-0693,Augmented Track 693,Computational Artist 137,R&B,0.69,0.67,0.25,High Energy,Algorithmically matched via Euclidean distance in vector space.,Spotify API (Augmented)
TRK-SCALED-0694,Augmented Track 694,Computational Artist 33,Jazz,0.23,0.45,0.13,Anthemic,Algorithmically matched via Euclidean distance in vector space.,Spotify API (Augmented)
TRK-SCALED-0695,Augmented Track 695,Computational Artist 165,Indie,0.66,0.42,0.39,Anthemic,Algorithmically matched via Euclidean distance in vector space.,Spotify API (Augmented)
TRK-SCALED-0696,Augmented Track 696,Computational Artist 68,Jazz,0.63,0.66,0.44,Chill,Algorithmically matched via Euclidean distance in vector space.,Spotify API (Augmented)
TRK-SCALED-0697,Augmented Track 697,Computational Artist 178,R&B,0.49,0.59,0.55,Smooth,Algorithmically matched via Euclidean distance in vector space.,Spotify API (Augmented)
TRK-SCALED-0698,Augmented Track 698,Computational Artist 160,R&B,0.32,0.37,0.36,Smooth,Algorithmically matched via Euclidean distance in vector space.,Spotify API (Augmented)
TRK-SCALED-0699,Augmented Track 699,Computational Artist 17,Pop,0.71,0.82,0.82,Chill,Algorithmically matched via Euclidean distance in vector space.,Spotify API (Augmented)
TRK-SCALED-0700,Augmented Track 700,Computational Artist 65,Folk,0.57,0.31,0.3,Aggressive,Algorithmically matched via Euclidean distance in vector space.,Spotify API (Augmented)
TRK-SCALED-0701,Augmented Track 701,Computational Artist 161,EDM,0.7,0.37,0.56,Smooth,Algorithmically matched via Euclidean distance in vector space.,Spotify API (Augmented)
TRK-SCALED-0702,Augmented Track 702,Computational Artist 84,Folk,0.69,0.3,0.17,Dreamy,Algorithmically matched via Euclidean distance in vector space.,Spotify API (Augmented)
TRK-SCALED-0703,Augmented Track 703,Computational Artist 142,EDM,0.59,0.49,0.34,Anthemic,Algorithmically matched via Euclidean distance in vector space.,Spotify API (Augmented)
TRK-SCALED-0704,Augmented Track 704,Computational Artist 4,Jazz,0.43,0.63,0.2,Aggressive,Algorithmically matched via Euclidean distance in vector space.,Spotify API (Augmented)
TRK-SCALED-0705,Augmented Track 705,Computational Artist 137,EDM,0.38,0.36,0.57,Moody,Algorithmically matched via Euclidean distance in vector space.,Spotify API (Augmented)
TRK-SCALED-0706,Augmented Track 706,Computational Artist 15,Jazz,0.66,0.54,0.24,High Energy,Algorithmically matched via Euclidean distance in vector space.,Spotify API (Augmented)
TRK-SCALED-0707,Augmented Track 707,Computational Artist 27,Pop,0.85,0.6,0.78,Anthemic,Algorithmically matched via Euclidean distance in vector space.,Spotify API (Augmented)
TRK-SCALED-0708,Augmented Track 708,Computational Artist 169,EDM,0.28,0.7,0.36,Dreamy,Algorithmically matched via Euclidean distance in vector space.,Spotify API (Augmented)
TRK-SCALED-0709,Augmented Track 709,Computational Artist 88,EDM,0.23,0.32,0.55,High Energy,Algorithmically matched via Euclidean distance in vector space.,Spotify API (Augmented)
TRK-SCALED-0710,Augmented Track 710,Computational Artist 73,EDM,0.42,0.47,0.57,Dreamy,Algorithmically matched via Euclidean distance in vector space.,Spotify API (Augmented)
TRK-SCALED-0711,Augmented Track 711,Computational Artist 112,Hip-Hop,0.78,0.9,0.47,Smooth,Algorithmically matched via Euclidean distance in vector space.,Spotify API (Augmented)
TRK-SCALED-0712,Augmented Track 712,Computational Artist 3,Jazz,0.28,0.69,0.29,Aggressive,Algorithmically matched via Euclidean distance in vector space.,Spotify API (Augmented)
TRK-SCALED-0713,Augmented Track 713,Computational Artist 136,Pop,0.84,0.71,0.55,Chill,Algorithmically matched via Euclidean distance in vector space.,Spotify API (Augmented)
TRK-SCALED-0714,Augmented Track 714,Computational Artist 7,Indie,0.48,0.37,0.42,Chill,Algorithmically matched via Euclidean distance in vector space.,Spotify API (Augmented)
TRK-SCALED-0715,Augmented Track 715,Computational Artist 154,Folk,0.39,0.41,0.59,Chill,Algorithmically matched via Euclidean distance in vector space.,Spotify API (Augmented)
TRK-SCALED-0716,Augmented Track 716,Computational Artist 77,EDM,0.38,0.46,0.46,Chill,Algorithmically matched via Euclidean distance in vector space.,Spotify API (Augmented)
TRK-SCALED-0717,Augmented Track 717,Computational Artist 155,Pop,0.71,0.85,0.69,High Energy,Algorithmically matched via Euclidean distance in vector space.,Spotify API (Augmented)
TRK-SCALED-0718,Augmented Track 718,Computational Artist 48,EDM,0.3,0.67,0.29,Dreamy,Algorithmically matched via Euclidean distance in vector space.,Spotify API (Augmented)
TRK-SCALED-0719,Augmented Track 719,Computational Artist 3,EDM,0.53,0.43,0.42,High Energy,Algorithmically matched via Euclidean distance in vector space.,Spotify API (Augmented)
TRK-SCALED-0720,Augmented Track 720,Computational Artist 113,Indie,0.55,0.47,0.45,Aggressive,Algorithmically matched via Euclidean distance in vector space.,Spotify API (Augmented)
TRK-SCALED-0721,Augmented Track 721,Computational Artist 147,Indie,0.5,0.54,0.1,Moody,Algorithmically matched via Euclidean distance in vector space.,Spotify API (Augmented)
TRK-SCALED-0722,Augmented Track 722,Computational Artist 156,Indie,0.61,0.57,0.58,Anthemic,Algorithmically matched via Euclidean distance in vector space.,Spotify API (Augmented)
TRK-SCALED-0723,Augmented Track 723,Computational Artist 58,Hip-Hop,0.65,0.76,0.34,Smooth,Algorithmically matched via Euclidean distance in vector space.,Spotify API (Augmented)
TRK-SCALED-0724,Augmented Track 724,Computational Artist 162,Hip-Hop,0.65,0.83,0.49,Anthemic,Algorithmically matched via Euclidean distance in vector space.,Spotify API (Augmented)
TRK-SCALED-0725,Augmented Track 725,Computational Artist 108,Hip-Hop,0.8,0.79,0.47,Dreamy,Algorithmically matched via Euclidean distance in vector space.,Spotify API (Augmented)
TRK-SCALED-0726,Augmented Track 726,Computational Artist 169,Jazz,0.65,0.38,0.25,Moody,Algorithmically matched via Euclidean distance in vector space.,Spotify API (Augmented)
TRK-SCALED-0727,Augmented Track 727,Computational Artist 33,R&B,0.55,0.36,0.54,Moody,Algorithmically matched via Euclidean distance in vector space.,Spotify API (Augmented)
TRK-SCALED-0728,Augmented Track 728,Computational Artist 53,EDM,0.57,0.69,0.57,Smooth,Algorithmically matched via Euclidean distance in vector space.,Spotify API (Augmented)
TRK-SCALED-0729,Augmented Track 729,Computational Artist 72,EDM,0.24,0.7,0.48,Aggressive,Algorithmically matched via Euclidean distance in vector space.,Spotify API (Augmented)
TRK-SCALED-0730,Augmented Track 730,Computational Artist 42,Indie,0.66,0.41,0.58,Anthemic,Algorithmically matched via Euclidean distance in vector space.,Spotify API (Augmented)
TRK-SCALED-0731,Augmented Track 731,Computational Artist 129,Indie,0.36,0.45,0.28,Chill,Algorithmically matched via Euclidean distance in vector space.,Spotify API (Augmented)
TRK-SCALED-0732,Augmented Track 732,Computational Artist 107,Jazz,0.36,0.61,0.28,High Energy,Algorithmically matched via Euclidean distance in vector space.,Spotify API (Augmented)
TRK-SCALED-0733,Augmented Track 733,Computational Artist 174,Jazz,0.64,0.69,0.34,Aggressive,Algorithmically matched via Euclidean distance in vector space.,Spotify API (Augmented)
TRK-SCALED-0734,Augmented Track 734,Computational Artist 34,R&B,0.61,0.51,0.58,Anthemic,Algorithmically matched via Euclidean distance in vector space.,Spotify API (Augmented)
TRK-SCALED-0735,Augmented Track 735,Computational Artist 148,Pop,0.74,0.81,0.81,High Energy,Algorithmically matched via Euclidean distance in vector space.,Spotify API (Augmented)
TRK-SCALED-0736,Augmented Track 736,Computational Artist 188,Folk,0.33,0.44,0.6,Smooth,Algorithmically matched via Euclidean distance in vector space.,Spotify API (Augmented)
TRK-SCALED-0737,Augmented Track 737,Computational Artist 127,R&B,0.61,0.46,0.39,Aggressive,Algorithmically matched via Euclidean distance in vector space.,Spotify API (Augmented)
TRK-SCALED-0738,Augmented Track 738,Computational Artist 44,R&B,0.42,0.57,0.33,Anthemic,Algorithmically matched via Euclidean distance in vector space.,Spotify API (Augmented)
TRK-SCALED-0739,Augmented Track 739,Computational Artist 20,Indie,0.61,0.49,0.19,High Energy,Algorithmically matched via Euclidean distance in vector space.,Spotify API (Augmented)
TRK-SCALED-0740,Augmented Track 740,Computational Artist 59,Hip-Hop,0.76,0.81,0.5,Anthemic,Algorithmically matched via Euclidean distance in vector space.,Spotify API (Augmented)
TRK-SCALED-0741,Augmented Track 741,Computational Artist 105,Hip-Hop,0.75,0.74,0.32,Dreamy,Algorithmically matched via Euclidean distance in vector space.,Spotify API (Augmented)
TRK-SCALED-0742,Augmented Track 742,Computational Artist 16,Folk,0.41,0.38,0.15,Aggressive,Algorithmically matched via Euclidean distance in vector space.,Spotify API (Augmented)
TRK-SCALED-0743,Augmented Track 743,Computational Artist 9,Jazz,0.28,0.47,0.25,Aggressive,Algorithmically matched via Euclidean distance in vector space.,Spotify API (Augmented)
TRK-SCALED-0744,Augmented Track 744,Computational Artist 83,EDM,0.42,0.66,0.49,High Energy,Algorithmically matched via Euclidean distance in vector space.,Spotify API (Augmented)
TRK-SCALED-0745,Augmented Track 745,Computational Artist 103,R&B,0.47,0.49,0.4,Chill,Algorithmically matched via Euclidean distance in vector space.,Spotify API (Augmented)
TRK-SCALED-0746,Augmented Track 746,Computational Artist 151,EDM,0.55,0.46,0.23,Chill,Algorithmically matched via Euclidean distance in vector space.,Spotify API (Augmented)
TRK-SCALED-0747,Augmented Track 747,Computational Artist 81,Hip-Hop,0.75,0.72,0.47,Moody,Algorithmically matched via Euclidean distance in vector space.,Spotify API (Augmented)
TRK-SCALED-0748,Augmented Track 748,Computational Artist 194,R&B,0.27,0.55,0.29,Smooth,Algorithmically matched via Euclidean distance in vector space.,Spotify API (Augmented)
TRK-SCALED-0749,Augmented Track 749,Computational Artist 130,Indie,0.25,0.46,0.49,High Energy,Algorithmically matched via Euclidean distance in vector space.,Spotify API (Augmented)
TRK-SCALED-0750,Augmented Track 750,Computational Artist 73,Jazz,0.56,0.63,0.52,Aggressive,Algorithmically matched via Euclidean distance in vector space.,Spotify API (Augmented)
TRK-SCALED-0751,Augmented Track 751,Computational Artist 9,Indie,0.22,0.39,0.36,Aggressive,Algorithmically matched via Euclidean distance in vector space.,Spotify API (Augmented)
TRK-SCALED-0752,Augmented Track 752,Computational Artist 158,Jazz,0.31,0.68,0.56,Smooth,Algorithmically matched via Euclidean distance in vector space.,Spotify API (Augmented)
TRK-SCALED-0753,Augmented Track 753,Computational Artist 193,Hip-Hop,0.67,0.87,0.47,High Energy,Algorithmically matched via Euclidean distance in vector space.,Spotify API (Augmented)
TRK-SCALED-0754,Augmented Track 754,Computational Artist 199,Jazz,0.36,0.64,0.16,Anthemic,Algorithmically matched via Euclidean distance in vector space.,Spotify API (Augmented)
TRK-SCALED-0755,Augmented Track 755,Computational Artist 8,R&B,0.21,0.5,0.42,Dreamy,Algorithmically matched via Euclidean distance in vector space.,Spotify API (Augmented)
TRK-SCALED-0756,Augmented Track 756,Computational Artist 119,EDM,0.46,0.35,0.27,Anthemic,Algorithmically matched via Euclidean distance in vector space.,Spotify API (Augmented)
TRK-SCALED-0757,Augmented Track 757,Computational Artist 177,R&B,0.32,0.37,0.58,Chill,Algorithmically matched via Euclidean distance in vector space.,Spotify API (Augmented)
TRK-SCALED-0758,Augmented Track 758,Computational Artist 145,R&B,0.59,0.48,0.36,Chill,Algorithmically matched via Euclidean distance in vector space.,Spotify API (Augmented)
TRK-SCALED-0759,Augmented Track 759,Computational Artist 86,EDM,0.41,0.59,0.12,Aggressive,Algorithmically matched via Euclidean distance in vector space.,Spotify API (Augmented)
TRK-SCALED-0760,Augmented Track 760,Computational Artist 151,Hip-Hop,0.9,0.74,0.57,Chill,Algorithmically matched via Euclidean distance in vector space.,Spotify API (Augmented)
TRK-SCALED-0761,Augmented Track 761,Computational Artist 154,Folk,0.23,0.46,0.13,Smooth,Algorithmically matched via Euclidean distance in vector space.,Spotify API (Augmented)
TRK-SCALED-0762,Augmented Track 762,Computational Artist 178,EDM,0.32,0.39,0.35,Moody,Algorithmically matched via Euclidean distance in vector space.,Spotify API (Augmented)
TRK-SCALED-0763,Augmented Track 763,Computational Artist 114,Pop,0.79,0.64,0.63,Moody,Algorithmically matched via Euclidean distance in vector space.,Spotify API (Augmented)
TRK-SCALED-0764,Augmented Track 764,Computational Artist 57,Indie,0.68,0.43,0.48,Dreamy,Algorithmically matched via Euclidean distance in vector space.,Spotify API (Augmented)
TRK-SCALED-0765,Augmented Track 765,Computational Artist 149,Hip-Hop,0.68,0.76,0.44,Chill,Algorithmically matched via Euclidean distance in vector space.,Spotify API (Augmented)
TRK-SCALED-0766,Augmented Track 766,Computational Artist 82,Jazz,0.64,0.65,0.46,Moody,Algorithmically matched via Euclidean distance in vector space.,Spotify API (Augmented)
TRK-SCALED-0767,Augmented Track 767,Computational Artist 114,EDM,0.54,0.69,0.33,Anthemic,Algorithmically matched via Euclidean distance in vector space.,Spotify API (Augmented)
TRK-SCALED-0768,Augmented Track 768,Computational Artist 174,Hip-Hop,0.87,0.83,0.53,Dreamy,Algorithmically matched via Euclidean distance in vector space.,Spotify API (Augmented)
TRK-SCALED-0769,Augmented Track 769,Computational Artist 34,EDM,0.55,0.47,0.48,High Energy,Algorithmically matched via Euclidean distance in vector space.,Spotify API (Augmented)
TRK-SCALED-0770,Augmented Track 770,Computational Artist 134,Hip-Hop,0.75,0.85,0.58,Dreamy,Algorithmically matched via Euclidean distance in vector space.,Spotify API (Augmented)
TRK-SCALED-0771,Augmented Track 771,Computational Artist 134,Jazz,0.55,0.69,0.41,Moody,Algorithmically matched via Euclidean distance in vector space.,Spotify API (Augmented)
TRK-SCALED-0772,Augmented Track 772,Computational Artist 187,EDM,0.22,0.37,0.51,Smooth,Algorithmically matched via Euclidean distance in vector space.,Spotify API (Augmented)
TRK-SCALED-0773,Augmented Track 773,Computational Artist 132,Indie,0.38,0.57,0.19,Chill,Algorithmically matched via Euclidean distance in vector space.,Spotify API (Augmented)
TRK-SCALED-0774,Augmented Track 774,Computational Artist 87,Hip-Hop,0.69,0.85,0.41,Aggressive,Algorithmically matched via Euclidean distance in vector space.,Spotify API (Augmented)
TRK-SCALED-0775,Augmented Track 775,Computational Artist 164,Folk,0.62,0.69,0.18,Smooth,Algorithmically matched via Euclidean distance in vector space.,Spotify API (Augmented)
TRK-SCALED-0776,Augmented Track 776,Computational Artist 6,Folk,0.49,0.31,0.55,High Energy,Algorithmically matched via Euclidean distance in vector space.,Spotify API (Augmented)
TRK-SCALED-0777,Augmented Track 777,Computational Artist 93,Folk,0.62,0.36,0.29,Chill,Algorithmically matched via Euclidean distance in vector space.,Spotify API (Augmented)
TRK-SCALED-0778,Augmented Track 778,Computational Artist 118,Indie,0.35,0.59,0.57,Dreamy,Algorithmically matched via Euclidean distance in vector space.,Spotify API (Augmented)
TRK-SCALED-0779,Augmented Track 779,Computational Artist 74,Pop,0.75,0.83,0.65,High Energy,Algorithmically matched via Euclidean distance in vector space.,Spotify API (Augmented)
TRK-SCALED-0780,Augmented Track 780,Computational Artist 9,Jazz,0.47,0.48,0.57,Moody,Algorithmically matched via Euclidean distance in vector space.,Spotify API (Augmented)
TRK-SCALED-0781,Augmented Track 781,Computational Artist 44,Jazz,0.51,0.3,0.23,Smooth,Algorithmically matched via Euclidean distance in vector space.,Spotify API (Augmented)
TRK-SCALED-0782,Augmented Track 782,Computational Artist 101,Folk,0.24,0.48,0.11,High Energy,Algorithmically matched via Euclidean distance in vector space.,Spotify API (Augmented)
TRK-SCALED-0783,Augmented Track 783,Computational Artist 175,Hip-Hop,0.64,0.73,0.51,Anthemic,Algorithmically matched via Euclidean distance in vector space.,Spotify API (Augmented)
TRK-SCALED-0784,Augmented Track 784,Computational Artist 7,Hip-Hop,0.95,0.81,0.56,Smooth,Algorithmically matched via Euclidean distance in vector space.,Spotify API (Augmented)
TRK-SCALED-0785,Augmented Track 785,Computational Artist 112,Pop,0.74,0.62,0.73,High Energy,Algorithmically matched via Euclidean distance in vector space.,Spotify API (Augmented)
TRK-SCALED-0786,Augmented Track 786,Computational Artist 61,Pop,0.74,0.81,0.77,Chill,Algorithmically matched via Euclidean distance in vector space.,Spotify API (Augmented)
TRK-SCALED-0787,Augmented Track 787,Computational Artist 17,Hip-Hop,0.94,0.88,0.41,Aggressive,Algorithmically matched via Euclidean distance in vector space.,Spotify API (Augmented)
TRK-SCALED-0788,Augmented Track 788,Computational Artist 45,Pop,0.68,0.75,0.6,Chill,Algorithmically matched via Euclidean distance in vector space.,Spotify API (Augmented)
TRK-SCALED-0789,Augmented Track 789,Computational Artist 27,EDM,0.37,0.47,0.58,Dreamy,Algorithmically matched via Euclidean distance in vector space.,Spotify API (Augmented)
TRK-SCALED-0790,Augmented Track 790,Computational Artist 58,Hip-Hop,0.74,0.75,0.48,Chill,Algorithmically matched via Euclidean distance in vector space.,Spotify API (Augmented)
TRK-SCALED-0791,Augmented Track 791,Computational Artist 167,Hip-Hop,0.66,0.77,0.35,Moody,Algorithmically matched via Euclidean distance in vector space.,Spotify API (Augmented)
TRK-SCALED-0792,Augmented Track 792,Computational Artist 128,Jazz,0.67,0.47,0.15,High Energy,Algorithmically matched via Euclidean distance in vector space.,Spotify API (Augmented)
TRK-SCALED-0793,Augmented Track 793,Computational Artist 80,Indie,0.27,0.39,0.3,Chill,Algorithmically matched via Euclidean distance in vector space.,Spotify API (Augmented)
TRK-SCALED-0794,Augmented Track 794,Computational Artist 154,Jazz,0.3,0.34,0.25,Aggressive,Algorithmically matched via Euclidean distance in vector space.,Spotify API (Augmented)
TRK-SCALED-0795,Augmented Track 795,Computational Artist 83,Pop,0.52,0.8,0.76,Moody,Algorithmically matched via Euclidean distance in vector space.,Spotify API (Augmented)
TRK-SCALED-0796,Augmented Track 796,Computational Artist 6,Jazz,0.53,0.34,0.11,Dreamy,Algorithmically matched via Euclidean distance in vector space.,Spotify API (Augmented)
TRK-SCALED-0797,Augmented Track 797,Computational Artist 145,EDM,0.57,0.56,0.21,Aggressive,Algorithmically matched via Euclidean distance in vector space.,Spotify API (Augmented)
TRK-SCALED-0798,Augmented Track 798,Computational Artist 25,R&B,0.69,0.56,0.32,Smooth,Algorithmically matched via Euclidean distance in vector space.,Spotify API (Augmented)
TRK-SCALED-0799,Augmented Track 799,Computational Artist 198,Jazz,0.58,0.7,0.15,Anthemic,Algorithmically matched via Euclidean distance in vector space.,Spotify API (Augmented)
TRK-SCALED-0800,Augmented Track 800,Computational Artist 58,Pop,0.67,0.82,0.8,Moody,Algorithmically matched via Euclidean distance in vector space.,Spotify API (Augmented)
TRK-SCALED-0801,Augmented Track 801,Computational Artist 116,Folk,0.42,0.57,0.15,High Energy,Algorithmically matched via Euclidean distance in vector space.,Spotify API (Augmented)
TRK-SCALED-0802,Augmented Track 802,Computational Artist 173,Pop,0.77,0.78,0.89,Anthemic,Algorithmically matched via Euclidean distance in vector space.,Spotify API (Augmented)
TRK-SCALED-0803,Augmented Track 803,Computational Artist 156,EDM,0.26,0.61,0.5,Anthemic,Algorithmically matched via Euclidean distance in vector space.,Spotify API (Augmented)
TRK-SCALED-0804,Augmented Track 804,Computational Artist 140,Folk,0.58,0.59,0.4,Aggressive,Algorithmically matched via Euclidean distance in vector space.,Spotify API (Augmented)
TRK-SCALED-0805,Augmented Track 805,Computational Artist 147,Hip-Hop,0.78,0.9,0.57,Smooth,Algorithmically matched via Euclidean distance in vector space.,Spotify API (Augmented)
TRK-SCALED-0806,Augmented Track 806,Computational Artist 112,R&B,0.34,0.64,0.34,High Energy,Algorithmically matched via Euclidean distance in vector space.,Spotify API (Augmented)
TRK-SCALED-0807,Augmented Track 807,Computational Artist 165,EDM,0.43,0.33,0.29,Anthemic,Algorithmically matched via Euclidean distance in vector space.,Spotify API (Augmented)
TRK-SCALED-0808,Augmented Track 808,Computational Artist 42,Pop,0.5,0.69,0.81,Moody,Algorithmically matched via Euclidean distance in vector space.,Spotify API (Augmented)
TRK-SCALED-0809,Augmented Track 809,Computational Artist 71,Indie,0.21,0.33,0.3,High Energy,Algorithmically matched via Euclidean distance in vector space.,Spotify API (Augmented)
TRK-SCALED-0810,Augmented Track 810,Computational Artist 101,Jazz,0.39,0.38,0.11,Moody,Algorithmically matched via Euclidean distance in vector space.,Spotify API (Augmented)
TRK-SCALED-0811,Augmented Track 811,Computational Artist 154,EDM,0.69,0.58,0.4,Anthemic,Algorithmically matched via Euclidean distance in vector space.,Spotify API (Augmented)
TRK-SCALED-0812,Augmented Track 812,Computational Artist 97,Pop,0.64,0.63,0.57,Aggressive,Algorithmically matched via Euclidean distance in vector space.,Spotify API (Augmented)
TRK-SCALED-0813,Augmented Track 813,Computational Artist 156,R&B,0.29,0.66,0.25,Aggressive,Algorithmically matched via Euclidean distance in vector space.,Spotify API (Augmented)
TRK-SCALED-0814,Augmented Track 814,Computational Artist 58,Folk,0.31,0.49,0.15,Aggressive,Algorithmically matched via Euclidean distance in vector space.,Spotify API (Augmented)
TRK-SCALED-0815,Augmented Track 815,Computational Artist 117,Folk,0.67,0.31,0.58,Smooth,Algorithmically matched via Euclidean distance in vector space.,Spotify API (Augmented)
TRK-SCALED-0816,Augmented Track 816,Computational Artist 173,Pop,0.81,0.67,0.56,Smooth,Algorithmically matched via Euclidean distance in vector space.,Spotify API (Augmented)
TRK-SCALED-0817,Augmented Track 817,Computational Artist 59,Pop,0.67,0.77,0.81,Aggressive,Algorithmically matched via Euclidean distance in vector space.,Spotify API (Augmented)
TRK-SCALED-0818,Augmented Track 818,Computational Artist 37,Folk,0.58,0.51,0.11,Smooth,Algorithmically matched via Euclidean distance in vector space.,Spotify API (Augmented)
TRK-SCALED-0819,Augmented Track 819,Computational Artist 166,Pop,0.7,0.8,0.63,Anthemic,Algorithmically matched via Euclidean distance in vector space.,Spotify API (Augmented)
TRK-SCALED-0820,Augmented Track 820,Computational Artist 198,Pop,0.6,0.8,0.67,Chill,Algorithmically matched via Euclidean distance in vector space.,Spotify API (Augmented)
TRK-SCALED-0821,Augmented Track 821,Computational Artist 63,Indie,0.54,0.62,0.25,Smooth,Algorithmically matched via Euclidean distance in vector space.,Spotify API (Augmented)
TRK-SCALED-0822,Augmented Track 822,Computational Artist 194,Folk,0.57,0.35,0.31,Anthemic,Algorithmically matched via Euclidean distance in vector space.,Spotify API (Augmented)
TRK-SCALED-0823,Augmented Track 823,Computational Artist 68,Hip-Hop,0.6,0.84,0.44,Moody,Algorithmically matched via Euclidean distance in vector space.,Spotify API (Augmented)
TRK-SCALED-0824,Augmented Track 824,Computational Artist 177,EDM,0.63,0.53,0.13,Smooth,Algorithmically matched via Euclidean distance in vector space.,Spotify API (Augmented)
TRK-SCALED-0825,Augmented Track 825,Computational Artist 102,Hip-Hop,0.88,0.77,0.42,Anthemic,Algorithmically matched via Euclidean distance in vector space.,Spotify API (Augmented)
TRK-SCALED-0826,Augmented Track 826,Computational Artist 45,Indie,0.56,0.49,0.45,Dreamy,Algorithmically matched via Euclidean distance in vector space.,Spotify API (Augmented)
TRK-SCALED-0827,Augmented Track 827,Computational Artist 14,EDM,0.2,0.43,0.53,Dreamy,Algorithmically matched via Euclidean distance in vector space.,Spotify API (Augmented)
TRK-SCALED-0828,Augmented Track 828,Computational Artist 61,Jazz,0.44,0.43,0.26,Moody,Algorithmically matched via Euclidean distance in vector space.,Spotify API (Augmented)
TRK-SCALED-0829,Augmented Track 829,Computational Artist 29,Pop,0.57,0.68,0.82,High Energy,Algorithmically matched via Euclidean distance in vector space.,Spotify API (Augmented)
TRK-SCALED-0830,Augmented Track 830,Computational Artist 7,Pop,0.84,0.66,0.5,Smooth,Algorithmically matched via Euclidean distance in vector space.,Spotify API (Augmented)
TRK-SCALED-0831,Augmented Track 831,Computational Artist 146,Folk,0.54,0.47,0.21,High Energy,Algorithmically matched via Euclidean distance in vector space.,Spotify API (Augmented)
TRK-SCALED-0832,Augmented Track 832,Computational Artist 149,Jazz,0.23,0.69,0.35,Dreamy,Algorithmically matched via Euclidean distance in vector space.,Spotify API (Augmented)
TRK-SCALED-0833,Augmented Track 833,Computational Artist 24,Hip-Hop,0.82,0.86,0.42,Moody,Algorithmically matched via Euclidean distance in vector space.,Spotify API (Augmented)
TRK-SCALED-0834,Augmented Track 834,Computational Artist 196,Pop,0.68,0.66,0.64,Moody,Algorithmically matched via Euclidean distance in vector space.,Spotify API (Augmented)
TRK-SCALED-0835,Augmented Track 835,Computational Artist 152,Pop,0.63,0.62,0.51,Anthemic,Algorithmically matched via Euclidean distance in vector space.,Spotify API (Augmented)
TRK-SCALED-0836,Augmented Track 836,Computational Artist 147,Hip-Hop,0.68,0.85,0.5,Anthemic,Algorithmically matched via Euclidean distance in vector space.,Spotify API (Augmented)
TRK-SCALED-0837,Augmented Track 837,Computational Artist 120,R&B,0.69,0.35,0.54,Dreamy,Algorithmically matched via Euclidean distance in vector space.,Spotify API (Augmented)
TRK-SCALED-0838,Augmented Track 838,Computational Artist 115,Pop,0.81,0.68,0.66,High Energy,Algorithmically matched via Euclidean distance in vector space.,Spotify API (Augmented)
TRK-SCALED-0839,Augmented Track 839,Computational Artist 143,EDM,0.54,0.63,0.22,Dreamy,Algorithmically matched via Euclidean distance in vector space.,Spotify API (Augmented)
TRK-SCALED-0840,Augmented Track 840,Computational Artist 92,Pop,0.54,0.72,0.53,Moody,Algorithmically matched via Euclidean distance in vector space.,Spotify API (Augmented)
TRK-SCALED-0841,Augmented Track 841,Computational Artist 58,Pop,0.69,0.8,0.89,Moody,Algorithmically matched via Euclidean distance in vector space.,Spotify API (Augmented)
TRK-SCALED-0842,Augmented Track 842,Computational Artist 154,R&B,0.53,0.53,0.53,Smooth,Algorithmically matched via Euclidean distance in vector space.,Spotify API (Augmented)
TRK-SCALED-0843,Augmented Track 843,Computational Artist 18,EDM,0.45,0.54,0.21,Chill,Algorithmically matched via Euclidean distance in vector space.,Spotify API (Augmented)
TRK-SCALED-0844,Augmented Track 844,Computational Artist 30,Jazz,0.34,0.49,0.4,Aggressive,Algorithmically matched via Euclidean distance in vector space.,Spotify API (Augmented)
TRK-SCALED-0845,Augmented Track 845,Computational Artist 2,R&B,0.41,0.69,0.16,Dreamy,Algorithmically matched via Euclidean distance in vector space.,Spotify API (Augmented)
TRK-SCALED-0846,Augmented Track 846,Computational Artist 181,Hip-Hop,0.67,0.73,0.49,Smooth,Algorithmically matched via Euclidean distance in vector space.,Spotify API (Augmented)
TRK-SCALED-0847,Augmented Track 847,Computational Artist 68,R&B,0.41,0.61,0.54,Chill,Algorithmically matched via Euclidean distance in vector space.,Spotify API (Augmented)
TRK-SCALED-0848,Augmented Track 848,Computational Artist 166,EDM,0.37,0.44,0.44,Smooth,Algorithmically matched via Euclidean distance in vector space.,Spotify API (Augmented)
TRK-SCALED-0849,Augmented Track 849,Computational Artist 125,Indie,0.49,0.7,0.21,Moody,Algorithmically matched via Euclidean distance in vector space.,Spotify API (Augmented)
TRK-SCALED-0850,Augmented Track 850,Computational Artist 122,Pop,0.8,0.62,0.89,Moody,Algorithmically matched via Euclidean distance in vector space.,Spotify API (Augmented)
TRK-SCALED-0851,Augmented Track 851,Computational Artist 41,Pop,0.75,0.65,0.57,Dreamy,Algorithmically matched via Euclidean distance in vector space.,Spotify API (Augmented)
TRK-SCALED-0852,Augmented Track 852,Computational Artist 124,Pop,0.73,0.83,0.85,High Energy,Algorithmically matched via Euclidean distance in vector space.,Spotify API (Augmented)
TRK-SCALED-0853,Augmented Track 853,Computational Artist 117,Indie,0.51,0.57,0.52,Aggressive,Algorithmically matched via Euclidean distance in vector space.,Spotify API (Augmented)
TRK-SCALED-0854,Augmented Track 854,Computational Artist 139,EDM,0.6,0.68,0.55,High Energy,Algorithmically matched via Euclidean distance in vector space.,Spotify API (Augmented)
TRK-SCALED-0855,Augmented Track 855,Computational Artist 66,R&B,0.5,0.34,0.56,Dreamy,Algorithmically matched via Euclidean distance in vector space.,Spotify API (Augmented)
TRK-SCALED-0856,Augmented Track 856,Computational Artist 36,Indie,0.37,0.37,0.52,Anthemic,Algorithmically matched via Euclidean distance in vector space.,Spotify API (Augmented)
TRK-SCALED-0857,Augmented Track 857,Computational Artist 75,Jazz,0.45,0.36,0.19,High Energy,Algorithmically matched via Euclidean distance in vector space.,Spotify API (Augmented)
TRK-SCALED-0858,Augmented Track 858,Computational Artist 191,Indie,0.22,0.64,0.18,Chill,Algorithmically matched via Euclidean distance in vector space.,Spotify API (Augmented)
TRK-SCALED-0859,Augmented Track 859,Computational Artist 28,Jazz,0.6,0.5,0.25,Anthemic,Algorithmically matched via Euclidean distance in vector space.,Spotify API (Augmented)
TRK-SCALED-0860,Augmented Track 860,Computational Artist 135,EDM,0.3,0.47,0.33,Smooth,Algorithmically matched via Euclidean distance in vector space.,Spotify API (Augmented)
TRK-SCALED-0861,Augmented Track 861,Computational Artist 105,Hip-Hop,0.73,0.81,0.32,Chill,Algorithmically matched via Euclidean distance in vector space.,Spotify API (Augmented)
TRK-SCALED-0862,Augmented Track 862,Computational Artist 89,Indie,0.48,0.47,0.57,Chill,Algorithmically matched via Euclidean distance in vector space.,Spotify API (Augmented)
TRK-SCALED-0863,Augmented Track 863,Computational Artist 179,Jazz,0.53,0.3,0.28,High Energy,Algorithmically matched via Euclidean distance in vector space.,Spotify API (Augmented)
TRK-SCALED-0864,Augmented Track 864,Computational Artist 37,R&B,0.35,0.46,0.18,Dreamy,Algorithmically matched via Euclidean distance in vector space.,Spotify API (Augmented)
TRK-SCALED-0865,Augmented Track 865,Computational Artist 176,Jazz,0.38,0.42,0.56,Dreamy,Algorithmically matched via Euclidean distance in vector space.,Spotify API (Augmented)
TRK-SCALED-0866,Augmented Track 866,Computational Artist 50,EDM,0.26,0.37,0.36,Moody,Algorithmically matched via Euclidean distance in vector space.,Spotify API (Augmented)
TRK-SCALED-0867,Augmented Track 867,Computational Artist 125,Jazz,0.66,0.47,0.25,Chill,Algorithmically matched via Euclidean distance in vector space.,Spotify API (Augmented)
TRK-SCALED-0868,Augmented Track 868,Computational Artist 46,Pop,0.58,0.76,0.73,Moody,Algorithmically matched via Euclidean distance in vector space.,Spotify API (Augmented)
TRK-SCALED-0869,Augmented Track 869,Computational Artist 175,Indie,0.23,0.53,0.39,High Energy,Algorithmically matched via Euclidean distance in vector space.,Spotify API (Augmented)
TRK-SCALED-0870,Augmented Track 870,Computational Artist 139,Indie,0.4,0.36,0.4,Moody,Algorithmically matched via Euclidean distance in vector space.,Spotify API (Augmented)
TRK-SCALED-0871,Augmented Track 871,Computational Artist 115,Indie,0.49,0.57,0.33,High Energy,Algorithmically matched via Euclidean distance in vector space.,Spotify API (Augmented)
TRK-SCALED-0872,Augmented Track 872,Computational Artist 179,Indie,0.44,0.5,0.51,Moody,Algorithmically matched via Euclidean distance in vector space.,Spotify API (Augmented)
TRK-SCALED-0873,Augmented Track 873,Computational Artist 147,R&B,0.56,0.37,0.39,Anthemic,Algorithmically matched via Euclidean distance in vector space.,Spotify API (Augmented)
TRK-SCALED-0874,Augmented Track 874,Computational Artist 135,Jazz,0.44,0.69,0.32,Smooth,Algorithmically matched via Euclidean distance in vector space.,Spotify API (Augmented)
TRK-SCALED-0875,Augmented Track 875,Computational Artist 24,EDM,0.54,0.68,0.57,Anthemic,Algorithmically matched via Euclidean distance in vector space.,Spotify API (Augmented)
TRK-SCALED-0876,Augmented Track 876,Computational Artist 177,Jazz,0.67,0.38,0.55,High Energy,Algorithmically matched via Euclidean distance in vector space.,Spotify API (Augmented)
TRK-SCALED-0877,Augmented Track 877,Computational Artist 157,R&B,0.5,0.38,0.21,High Energy,Algorithmically matched via Euclidean distance in vector space.,Spotify API (Augmented)
TRK-SCALED-0878,Augmented Track 878,Computational Artist 61,Hip-Hop,0.84,0.78,0.46,Anthemic,Algorithmically matched via Euclidean distance in vector space.,Spotify API (Augmented)
TRK-SCALED-0879,Augmented Track 879,Computational Artist 156,Pop,0.7,0.65,0.82,Chill,Algorithmically matched via Euclidean distance in vector space.,Spotify API (Augmented)
TRK-SCALED-0880,Augmented Track 880,Computational Artist 3,Pop,0.61,0.66,0.83,Smooth,Algorithmically matched via Euclidean distance in vector space.,Spotify API (Augmented)
TRK-SCALED-0881,Augmented Track 881,Computational Artist 163,Indie,0.23,0.42,0.42,Anthemic,Algorithmically matched via Euclidean distance in vector space.,Spotify API (Augmented)
TRK-SCALED-0882,Augmented Track 882,Computational Artist 127,EDM,0.49,0.51,0.2,Moody,Algorithmically matched via Euclidean distance in vector space.,Spotify API (Augmented)
TRK-SCALED-0883,Augmented Track 883,Computational Artist 86,Folk,0.26,0.58,0.53,Chill,Algorithmically matched via Euclidean distance in vector space.,Spotify API (Augmented)
TRK-SCALED-0884,Augmented Track 884,Computational Artist 160,Jazz,0.67,0.56,0.22,High Energy,Algorithmically matched via Euclidean distance in vector space.,Spotify API (Augmented)
TRK-SCALED-0885,Augmented Track 885,Computational Artist 59,Hip-Hop,0.67,0.8,0.35,Smooth,Algorithmically matched via Euclidean distance in vector space.,Spotify API (Augmented)
TRK-SCALED-0886,Augmented Track 886,Computational Artist 88,Hip-Hop,0.62,0.86,0.48,Dreamy,Algorithmically matched via Euclidean distance in vector space.,Spotify API (Augmented)
TRK-SCALED-0887,Augmented Track 887,Computational Artist 14,Jazz,0.4,0.35,0.28,Aggressive,Algorithmically matched via Euclidean distance in vector space.,Spotify API (Augmented)
TRK-SCALED-0888,Augmented Track 888,Computational Artist 166,Jazz,0.53,0.48,0.23,Aggressive,Algorithmically matched via Euclidean distance in vector space.,Spotify API (Augmented)
TRK-SCALED-0889,Augmented Track 889,Computational Artist 184,Hip-Hop,0.75,0.86,0.45,Dreamy,Algorithmically matched via Euclidean distance in vector space.,Spotify API (Augmented)
TRK-SCALED-0890,Augmented Track 890,Computational Artist 183,Folk,0.43,0.65,0.19,High Energy,Algorithmically matched via Euclidean distance in vector space.,Spotify API (Augmented)
TRK-SCALED-0891,Augmented Track 891,Computational Artist 75,EDM,0.44,0.42,0.12,High Energy,Algorithmically matched via Euclidean distance in vector space.,Spotify API (Augmented)
TRK-SCALED-0892,Augmented Track 892,Computational Artist 100,Folk,0.56,0.42,0.48,Smooth,Algorithmically matched via Euclidean distance in vector space.,Spotify API (Augmented)
TRK-SCALED-0893,Augmented Track 893,Computational Artist 161,Folk,0.61,0.37,0.14,Anthemic,Algorithmically matched via Euclidean distance in vector space.,Spotify API (Augmented)
TRK-SCALED-0894,Augmented Track 894,Computational Artist 80,Indie,0.36,0.68,0.13,Anthemic,Algorithmically matched via Euclidean distance in vector space.,Spotify API (Augmented)
TRK-SCALED-0895,Augmented Track 895,Computational Artist 38,EDM,0.41,0.49,0.25,Smooth,Algorithmically matched via Euclidean distance in vector space.,Spotify API (Augmented)
TRK-SCALED-0896,Augmented Track 896,Computational Artist 121,R&B,0.52,0.47,0.3,High Energy,Algorithmically matched via Euclidean distance in vector space.,Spotify API (Augmented)
TRK-SCALED-0897,Augmented Track 897,Computational Artist 199,Folk,0.22,0.68,0.53,Dreamy,Algorithmically matched via Euclidean distance in vector space.,Spotify API (Augmented)
TRK-SCALED-0898,Augmented Track 898,Computational Artist 11,R&B,0.31,0.34,0.22,Moody,Algorithmically matched via Euclidean distance in vector space.,Spotify API (Augmented)
TRK-SCALED-0899,Augmented Track 899,Computational Artist 156,Pop,0.82,0.69,0.84,Dreamy,Algorithmically matched via Euclidean distance in vector space.,Spotify API (Augmented)
TRK-SCALED-0900,Augmented Track 900,Computational Artist 80,Indie,0.39,0.31,0.33,Aggressive,Algorithmically matched via Euclidean distance in vector space.,Spotify API (Augmented)
TRK-SCALED-0901,Augmented Track 901,Computational Artist 177,Indie,0.4,0.59,0.59,Aggressive,Algorithmically matched via Euclidean distance in vector space.,Spotify API (Augmented)
TRK-SCALED-0902,Augmented Track 902,Computational Artist 92,Hip-Hop,0.9,0.8,0.33,Moody,Algorithmically matched via Euclidean distance in vector space.,Spotify API (Augmented)
TRK-SCALED-0903,Augmented Track 903,Computational Artist 176,Folk,0.52,0.51,0.59,Chill,Algorithmically matched via Euclidean distance in vector space.,Spotify API (Augmented)
TRK-SCALED-0904,Augmented Track 904,Computational Artist 173,Folk,0.36,0.38,0.47,Aggressive,Algorithmically matched via Euclidean distance in vector space.,Spotify API (Augmented)
TRK-SCALED-0905,Augmented Track 905,Computational Artist 103,Folk,0.34,0.68,0.45,High Energy,Algorithmically matched via Euclidean distance in vector space.,Spotify API (Augmented)
TRK-SCALED-0906,Augmented Track 906,Computational Artist 168,EDM,0.61,0.36,0.31,Anthemic,Algorithmically matched via Euclidean distance in vector space.,Spotify API (Augmented)
TRK-SCALED-0907,Augmented Track 907,Computational Artist 83,EDM,0.37,0.54,0.11,Dreamy,Algorithmically matched via Euclidean distance in vector space.,Spotify API (Augmented)
TRK-SCALED-0908,Augmented Track 908,Computational Artist 122,R&B,0.46,0.45,0.14,Dreamy,Algorithmically matched via Euclidean distance in vector space.,Spotify API (Augmented)
TRK-SCALED-0909,Augmented Track 909,Computational Artist 107,Indie,0.34,0.5,0.56,Anthemic,Algorithmically matched via Euclidean distance in vector space.,Spotify API (Augmented)
TRK-SCALED-0910,Augmented Track 910,Computational Artist 190,Folk,0.29,0.35,0.13,Anthemic,Algorithmically matched via Euclidean distance in vector space.,Spotify API (Augmented)
TRK-SCALED-0911,Augmented Track 911,Computational Artist 165,Jazz,0.61,0.32,0.5,Aggressive,Algorithmically matched via Euclidean distance in vector space.,Spotify API (Augmented)
TRK-SCALED-0912,Augmented Track 912,Computational Artist 5,Jazz,0.6,0.37,0.11,Aggressive,Algorithmically matched via Euclidean distance in vector space.,Spotify API (Augmented)
TRK-SCALED-0913,Augmented Track 913,Computational Artist 75,Indie,0.5,0.67,0.5,Aggressive,Algorithmically matched via Euclidean distance in vector space.,Spotify API (Augmented)
TRK-SCALED-0914,Augmented Track 914,Computational Artist 79,Folk,0.59,0.63,0.24,Moody,Algorithmically matched via Euclidean distance in vector space.,Spotify API (Augmented)
TRK-SCALED-0915,Augmented Track 915,Computational Artist 57,Jazz,0.38,0.48,0.58,Anthemic,Algorithmically matched via Euclidean distance in vector space.,Spotify API (Augmented)
TRK-SCALED-0916,Augmented Track 916,Computational Artist 109,Jazz,0.66,0.42,0.42,Dreamy,Algorithmically matched via Euclidean distance in vector space.,Spotify API (Augmented)
TRK-SCALED-0917,Augmented Track 917,Computational Artist 70,EDM,0.35,0.35,0.46,Smooth,Algorithmically matched via Euclidean distance in vector space.,Spotify API (Augmented)
TRK-SCALED-0918,Augmented Track 918,Computational Artist 34,EDM,0.3,0.41,0.38,Moody,Algorithmically matched via Euclidean distance in vector space.,Spotify API (Augmented)
TRK-SCALED-0919,Augmented Track 919,Computational Artist 129,Indie,0.26,0.34,0.29,Chill,Algorithmically matched via Euclidean distance in vector space.,Spotify API (Augmented)
TRK-SCALED-0920,Augmented Track 920,Computational Artist 39,Folk,0.62,0.67,0.4,High Energy,Algorithmically matched via Euclidean distance in vector space.,Spotify API (Augmented)
TRK-SCALED-0921,Augmented Track 921,Computational Artist 99,EDM,0.32,0.44,0.21,Smooth,Algorithmically matched via Euclidean distance in vector space.,Spotify API (Augmented)
TRK-SCALED-0922,Augmented Track 922,Computational Artist 33,EDM,0.38,0.48,0.47,Smooth,Algorithmically matched via Euclidean distance in vector space.,Spotify API (Augmented)
TRK-SCALED-0923,Augmented Track 923,Computational Artist 90,R&B,0.21,0.39,0.5,Chill,Algorithmically matched via Euclidean distance in vector space.,Spotify API (Augmented)
TRK-SCALED-0924,Augmented Track 924,Computational Artist 133,R&B,0.35,0.52,0.53,Chill,Algorithmically matched via Euclidean distance in vector space.,Spotify API (Augmented)
TRK-SCALED-0925,Augmented Track 925,Computational Artist 87,R&B,0.31,0.42,0.21,High Energy,Algorithmically matched via Euclidean distance in vector space.,Spotify API (Augmented)
TRK-SCALED-0926,Augmented Track 926,Computational Artist 108,Folk,0.53,0.63,0.57,Smooth,Algorithmically matched via Euclidean distance in vector space.,Spotify API (Augmented)
TRK-SCALED-0927,Augmented Track 927,Computational Artist 126,Pop,0.52,0.78,0.74,Aggressive,Algorithmically matched via Euclidean distance in vector space.,Spotify API (Augmented)
TRK-SCALED-0928,Augmented Track 928,Computational Artist 133,Folk,0.23,0.41,0.36,Aggressive,Algorithmically matched via Euclidean distance in vector space.,Spotify API (Augmented)
TRK-SCALED-0929,Augmented Track 929,Computational Artist 23,Indie,0.25,0.39,0.54,Anthemic,Algorithmically matched via Euclidean distance in vector space.,Spotify API (Augmented)
TRK-SCALED-0930,Augmented Track 930,Computational Artist 32,Jazz,0.57,0.35,0.36,Dreamy,Algorithmically matched via Euclidean distance in vector space.,Spotify API (Augmented)
TRK-SCALED-0931,Augmented Track 931,Computational Artist 30,Pop,0.8,0.64,0.62,High Energy,Algorithmically matched via Euclidean distance in vector space.,Spotify API (Augmented)
TRK-SCALED-0932,Augmented Track 932,Computational Artist 54,R&B,0.48,0.43,0.22,High Energy,Algorithmically matched via Euclidean distance in vector space.,Spotify API (Augmented)
TRK-SCALED-0933,Augmented Track 933,Computational Artist 87,Jazz,0.25,0.42,0.33,High Energy,Algorithmically matched via Euclidean distance in vector space.,Spotify API (Augmented)
TRK-SCALED-0934,Augmented Track 934,Computational Artist 29,Pop,0.69,0.8,0.69,High Energy,Algorithmically matched via Euclidean distance in vector space.,Spotify API (Augmented)
TRK-SCALED-0935,Augmented Track 935,Computational Artist 134,Pop,0.58,0.75,0.87,High Energy,Algorithmically matched via Euclidean distance in vector space.,Spotify API (Augmented)
TRK-SCALED-0936,Augmented Track 936,Computational Artist 27,Hip-Hop,0.83,0.78,0.59,High Energy,Algorithmically matched via Euclidean distance in vector space.,Spotify API (Augmented)
TRK-SCALED-0937,Augmented Track 937,Computational Artist 133,Folk,0.65,0.63,0.51,Anthemic,Algorithmically matched via Euclidean distance in vector space.,Spotify API (Augmented)
TRK-SCALED-0938,Augmented Track 938,Computational Artist 165,Indie,0.63,0.59,0.21,Chill,Algorithmically matched via Euclidean distance in vector space.,Spotify API (Augmented)
TRK-SCALED-0939,Augmented Track 939,Computational Artist 89,Folk,0.65,0.54,0.46,High Energy,Algorithmically matched via Euclidean distance in vector space.,Spotify API (Augmented)
TRK-SCALED-0940,Augmented Track 940,Computational Artist 163,Hip-Hop,0.68,0.79,0.48,Chill,Algorithmically matched via Euclidean distance in vector space.,Spotify API (Augmented)
TRK-SCALED-0941,Augmented Track 941,Computational Artist 86,Pop,0.66,0.84,0.77,High Energy,Algorithmically matched via Euclidean distance in vector space.,Spotify API (Augmented)
TRK-SCALED-0942,Augmented Track 942,Computational Artist 34,Jazz,0.47,0.53,0.23,Anthemic,Algorithmically matched via Euclidean distance in vector space.,Spotify API (Augmented)
TRK-SCALED-0943,Augmented Track 943,Computational Artist 187,Indie,0.28,0.34,0.42,Anthemic,Algorithmically matched via Euclidean distance in vector space.,Spotify API (Augmented)
TRK-SCALED-0944,Augmented Track 944,Computational Artist 193,Jazz,0.37,0.65,0.46,Chill,Algorithmically matched via Euclidean distance in vector space.,Spotify API (Augmented)
TRK-SCALED-0945,Augmented Track 945,Computational Artist 173,Pop,0.54,0.8,0.7,High Energy,Algorithmically matched via Euclidean distance in vector space.,Spotify API (Augmented)
TRK-SCALED-0946,Augmented Track 946,Computational Artist 29,Jazz,0.52,0.66,0.54,Moody,Algorithmically matched via Euclidean distance in vector space.,Spotify API (Augmented)
TRK-SCALED-0947,Augmented Track 947,Computational Artist 191,Indie,0.51,0.65,0.19,Anthemic,Algorithmically matched via Euclidean distance in vector space.,Spotify API (Augmented)
TRK-SCALED-0948,Augmented Track 948,Computational Artist 58,Pop,0.57,0.76,0.69,Smooth,Algorithmically matched via Euclidean distance in vector space.,Spotify API (Augmented)
TRK-SCALED-0949,Augmented Track 949,Computational Artist 189,Indie,0.34,0.63,0.46,High Energy,Algorithmically matched via Euclidean distance in vector space.,Spotify API (Augmented)
TRK-SCALED-0950,Augmented Track 950,Computational Artist 56,EDM,0.39,0.57,0.24,Aggressive,Algorithmically matched via Euclidean distance in vector space.,Spotify API (Augmented)
TRK-SCALED-0951,Augmented Track 951,Computational Artist 199,Jazz,0.42,0.51,0.37,Anthemic,Algorithmically matched via Euclidean distance in vector space.,Spotify API (Augmented)
TRK-SCALED-0952,Augmented Track 952,Computational Artist 108,Pop,0.8,0.72,0.53,Anthemic,Algorithmically matched via Euclidean distance in vector space.,Spotify API (Augmented)
TRK-SCALED-0953,Augmented Track 953,Computational Artist 10,Indie,0.41,0.49,0.58,High Energy,Algorithmically matched via Euclidean distance in vector space.,Spotify API (Augmented)
TRK-SCALED-0954,Augmented Track 954,Computational Artist 60,R&B,0.63,0.4,0.33,Aggressive,Algorithmically matched via Euclidean distance in vector space.,Spotify API (Augmented)
TRK-SCALED-0955,Augmented Track 955,Computational Artist 192,Pop,0.8,0.67,0.62,Dreamy,Algorithmically matched via Euclidean distance in vector space.,Spotify API (Augmented)
TRK-SCALED-0956,Augmented Track 956,Computational Artist 109,Folk,0.47,0.4,0.25,Anthemic,Algorithmically matched via Euclidean distance in vector space.,Spotify API (Augmented)
TRK-SCALED-0957,Augmented Track 957,Computational Artist 88,R&B,0.66,0.32,0.24,High Energy,Algorithmically matched via Euclidean distance in vector space.,Spotify API (Augmented)
TRK-SCALED-0958,Augmented Track 958,Computational Artist 113,EDM,0.37,0.65,0.38,Smooth,Algorithmically matched via Euclidean distance in vector space.,Spotify API (Augmented)
TRK-SCALED-0959,Augmented Track 959,Computational Artist 42,R&B,0.51,0.54,0.36,Aggressive,Algorithmically matched via Euclidean distance in vector space.,Spotify API (Augmented)
TRK-SCALED-0960,Augmented Track 960,Computational Artist 49,EDM,0.33,0.53,0.52,Chill,Algorithmically matched via Euclidean distance in vector space.,Spotify API (Augmented)
TRK-SCALED-0961,Augmented Track 961,Computational Artist 27,Hip-Hop,0.82,0.72,0.42,Aggressive,Algorithmically matched via Euclidean distance in vector space.,Spotify API (Augmented)
TRK-SCALED-0962,Augmented Track 962,Computational Artist 89,Hip-Hop,0.94,0.84,0.35,Smooth,Algorithmically matched via Euclidean distance in vector space.,Spotify API (Augmented)
TRK-SCALED-0963,Augmented Track 963,Computational Artist 9,EDM,0.21,0.68,0.48,Aggressive,Algorithmically matched via Euclidean distance in vector space.,Spotify API (Augmented)
TRK-SCALED-0964,Augmented Track 964,Computational Artist 199,Jazz,0.25,0.47,0.47,Anthemic,Algorithmically matched via Euclidean distance in vector space.,Spotify API (Augmented)
TRK-SCALED-0965,Augmented Track 965,Computational Artist 130,Indie,0.45,0.41,0.23,High Energy,Algorithmically matched via Euclidean distance in vector space.,Spotify API (Augmented)
TRK-SCALED-0966,Augmented Track 966,Computational Artist 182,R&B,0.42,0.64,0.4,Moody,Algorithmically matched via Euclidean distance in vector space.,Spotify API (Augmented)
TRK-SCALED-0967,Augmented Track 967,Computational Artist 72,EDM,0.57,0.58,0.11,Moody,Algorithmically matched via Euclidean distance in vector space.,Spotify API (Augmented)
TRK-SCALED-0968,Augmented Track 968,Computational Artist 34,R&B,0.46,0.62,0.23,Aggressive,Algorithmically matched via Euclidean distance in vector space.,Spotify API (Augmented)
TRK-SCALED-0969,Augmented Track 969,Computational Artist 114,Jazz,0.57,0.36,0.43,Smooth,Algorithmically matched via Euclidean distance in vector space.,Spotify API (Augmented)
TRK-SCALED-0970,Augmented Track 970,Computational Artist 26,EDM,0.33,0.66,0.14,Smooth,Algorithmically matched via Euclidean distance in vector space.,Spotify API (Augmented)
TRK-SCALED-0971,Augmented Track 971,Computational Artist 83,Pop,0.61,0.64,0.89,Smooth,Algorithmically matched via Euclidean distance in vector space.,Spotify API (Augmented)
TRK-SCALED-0972,Augmented Track 972,Computational Artist 17,Hip-Hop,0.85,0.8,0.44,Moody,Algorithmically matched via Euclidean distance in vector space.,Spotify API (Augmented)
TRK-SCALED-0973,Augmented Track 973,Computational Artist 186,EDM,0.49,0.58,0.58,Dreamy,Algorithmically matched via Euclidean distance in vector space.,Spotify API (Augmented)
TRK-SCALED-0974,Augmented Track 974,Computational Artist 141,Pop,0.82,0.71,0.83,Anthemic,Algorithmically matched via Euclidean distance in vector space.,Spotify API (Augmented)
TRK-SCALED-0975,Augmented Track 975,Computational Artist 24,Hip-Hop,0.83,0.88,0.56,Chill,Algorithmically matched via Euclidean distance in vector space.,Spotify API (Augmented)
TRK-SCALED-0976,Augmented Track 976,Computational Artist 173,R&B,0.35,0.65,0.18,Anthemic,Algorithmically matched via Euclidean distance in vector space.,Spotify API (Augmented)
TRK-SCALED-0977,Augmented Track 977,Computational Artist 67,Jazz,0.41,0.42,0.22,Aggressive,Algorithmically matched via Euclidean distance in vector space.,Spotify API (Augmented)
TRK-SCALED-0978,Augmented Track 978,Computational Artist 7,Folk,0.44,0.58,0.14,Moody,Algorithmically matched via Euclidean distance in vector space.,Spotify API (Augmented)
TRK-SCALED-0979,Augmented Track 979,Computational Artist 144,EDM,0.64,0.35,0.57,Smooth,Algorithmically matched via Euclidean distance in vector space.,Spotify API (Augmented)
TRK-SCALED-0980,Augmented Track 980,Computational Artist 77,R&B,0.7,0.52,0.58,Anthemic,Algorithmically matched via Euclidean distance in vector space.,Spotify API (Augmented)
TRK-SCALED-0981,Augmented Track 981,Computational Artist 72,Jazz,0.68,0.44,0.25,Anthemic,Algorithmically matched via Euclidean distance in vector space.,Spotify API (Augmented)
TRK-SCALED-0982,Augmented Track 982,Computational Artist 152,Pop,0.79,0.85,0.7,Smooth,Algorithmically matched via Euclidean distance in vector space.,Spotify API (Augmented)
TRK-SCALED-0983,Augmented Track 983,Computational Artist 57,Hip-Hop,0.86,0.83,0.42,High Energy,Algorithmically matched via Euclidean distance in vector space.,Spotify API (Augmented)
TRK-SCALED-0984,Augmented Track 984,Computational Artist 160,Hip-Hop,0.61,0.71,0.57,Aggressive,Algorithmically matched via Euclidean distance in vector space.,Spotify API (Augmented)
TRK-SCALED-0985,Augmented Track 985,Computational Artist 122,Hip-Hop,0.93,0.81,0.35,Dreamy,Algorithmically matched via Euclidean distance in vector space.,Spotify API (Augmented)
TRK-SCALED-0986,Augmented Track 986,Computational Artist 74,Folk,0.61,0.64,0.36,Smooth,Algorithmically matched via Euclidean distance in vector space.,Spotify API (Augmented)
TRK-SCALED-0987,Augmented Track 987,Computational Artist 175,R&B,0.35,0.41,0.44,Smooth,Algorithmically matched via Euclidean distance in vector space.,Spotify API (Augmented)
TRK-SCALED-0988,Augmented Track 988,Computational Artist 70,R&B,0.47,0.36,0.58,Chill,Algorithmically matched via Euclidean distance in vector space.,Spotify API (Augmented)
TRK-SCALED-0989,Augmented Track 989,Computational Artist 49,Folk,0.46,0.41,0.14,Aggressive,Algorithmically matched via Euclidean distance in vector space.,Spotify API (Augmented)
TRK-SCALED-0990,Augmented Track 990,Computational Artist 179,R&B,0.41,0.55,0.55,Aggressive,Algorithmically matched via Euclidean distance in vector space.,Spotify API (Augmented)
TRK-SCALED-0991,Augmented Track 991,Computational Artist 43,EDM,0.68,0.41,0.47,High Energy,Algorithmically matched via Euclidean distance in vector space.,Spotify API (Augmented)
TRK-SCALED-0992,Augmented Track 992,Computational Artist 14,Pop,0.8,0.66,0.86,Chill,Algorithmically matched via Euclidean distance in vector space.,Spotify API (Augmented)
TRK-SCALED-0993,Augmented Track 993,Computational Artist 127,Pop,0.82,0.83,0.78,Anthemic,Algorithmically matched via Euclidean distance in vector space.,Spotify API (Augmented)
TRK-SCALED-0994,Augmented Track 994,Computational Artist 75,Jazz,0.54,0.36,0.17,Chill,Algorithmically matched via Euclidean distance in vector space.,Spotify API (Augmented)
TRK-SCALED-0995,Augmented Track 995,Computational Artist 167,Hip-Hop,0.8,0.76,0.53,Chill,Algorithmically matched via Euclidean distance in vector space.,Spotify API (Augmented)
TRK-SCALED-0996,Augmented Track 996,Computational Artist 93,Indie,0.25,0.31,0.55,High Energy,Algorithmically matched via Euclidean distance in vector space.,Spotify API (Augmented)
TRK-SCALED-0997,Augmented Track 997,Computational Artist 146,Pop,0.84,0.81,0.62,Dreamy,Algorithmically matched via Euclidean distance in vector space.,Spotify API (Augmented)
TRK-SCALED-0998,Augmented Track 998,Computational Artist 160,Indie,0.54,0.32,0.19,Aggressive,Algorithmically matched via Euclidean distance in vector space.,Spotify API (Augmented)
TRK-SCALED-0999,Augmented Track 999,Computational Artist 168,Jazz,0.38,0.65,0.39,Moody,Algorithmically matched via Euclidean distance in vector space.,Spotify API (Augmented)
